name,deliver_time,discount,deliver_way,category,sub_category,maker,profit,sell_count
Fiskars 剪刀,3.4545454545454546,0.12121212121212122,3.1818181818181817,1,1,1,-0.04787878787878787,4.0
GlobeWeis 搭扣信封,3.6666666666666665,0.0,3.111111111111111,1,2,2,0.3022222222222222,2.888888888888889
Cardinal 孔加固材料,3.59375,0.1625,3.09375,1,3,3,0.0290625,4.28125
Kleencut 开信刀,4.166666666666667,0.2222222222222222,3.4444444444444446,1,1,4,-0.038333333333333344,3.5555555555555554
KitchenAid 搅拌机,3.68,0.096,3.2,1,4,5,0.16160000000000005,4.2
柯尼卡 打印机,4.7272727272727275,0.07272727272727274,3.8181818181818183,2,5,6,0.13818181818181818,4.2727272727272725
Ibico 订书机,4.027027027027027,0.1621621621621622,3.2972972972972974,1,3,7,0.19324324324324324,3.4594594594594597
SAFCO 扶手椅,4.2105263157894735,0.15263157894736845,3.473684210526316,3,6,8,0.2336842105263158,3.3947368421052633
Green Bar 计划信息表,3.6666666666666665,0.0,3.2666666666666666,1,7,9,0.22200000000000003,4.333333333333333
Stockwell 橡皮筋,3.90625,0.0875,3.5,1,8,10,0.13,3.71875
爱普生 计算器,3.909090909090909,0.03636363636363637,3.727272727272727,2,5,11,0.1427272727272727,3.8181818181818183
惠普 墨水,4.0,0.0761904761904762,3.2857142857142856,2,9,12,0.22,3.4761904761904763
Jiffy 局间信封,3.75,0.0,3.3214285714285716,1,2,13,0.125,3.6785714285714284
SanDisk 键区,4.388888888888889,0.06666666666666668,3.388888888888889,2,10,14,0.30166666666666675,3.0
诺基亚 充电器,3.888888888888889,0.1111111111111111,3.2777777777777777,2,11,15,0.31,3.2777777777777777
KitchenAid 冰箱,4.111111111111111,0.15555555555555556,3.388888888888889,1,4,5,0.021666666666666667,3.611111111111111
Novimex 圆形标签,4.1875,0.0,3.375,1,12,16,0.39625,2.75
Memorex 键盘,4.388888888888889,0.13333333333333336,3.5555555555555554,2,10,17,0.14,3.3333333333333335
Acme 尺子,3.409090909090909,0.10909090909090909,3.3181818181818183,1,1,18,0.11727272727272728,4.409090909090909
Avery 孔加固材料,4.027777777777778,0.1444444444444445,3.5,1,3,19,0.018611111111111113,3.8055555555555554
Cardinal 装订机,3.4782608695652173,0.1391304347826087,3.217391304347826,1,3,3,0.16608695652173916,3.6956521739130435
三星 办公室电话机,4.0,0.10526315789473684,3.526315789473684,2,11,20,0.05736842105263157,4.0
Hewlett 传真机,3.8823529411764706,0.11764705882352941,3.4705882352941178,2,9,21,0.09999999999999999,3.588235294117647
Elite 开信刀,3.15,0.08,2.75,1,1,22,0.264,3.8
Sauder 书架,5.068965517241379,0.1517241379310345,3.586206896551724,3,13,23,0.17758620689655175,4.068965517241379
Office Star 摇椅,4.115384615384615,0.13076923076923078,3.230769230769231,3,6,24,0.022692307692307696,3.6538461538461537
OIC 图钉,4.48,0.16,3.68,1,8,25,0.0816,4.12
Accos 图钉,4.357142857142857,0.17142857142857143,3.4285714285714284,1,8,26,-0.022142857142857134,5.0
罗技 路由器,3.6363636363636362,0.2545454545454546,3.090909090909091,2,10,27,-0.05636363636363635,2.727272727272727
Tenex 灯泡,3.769230769230769,0.1846153846153846,3.4615384615384617,3,14,28,0.03923076923076923,3.076923076923077
Wilson Jones 标签,4.033333333333333,0.12000000000000001,3.2666666666666666,1,3,29,0.1766666666666667,3.6
Fellowes 文件车,4.0,0.0,3.2,1,15,30,0.23199999999999998,3.96
Harbour Creations 椅垫,3.533333333333333,0.16666666666666669,3.1,3,6,31,0.212,4.233333333333333
Dania 书架,3.823529411764706,0.1411764705882353,3.235294117647059,3,13,32,0.06058823529411765,4.235294117647059
Advantus 灯泡,3.814814814814815,0.08888888888888889,3.2962962962962963,3,14,33,0.029629629629629624,3.3703703703703702
Boston 画布,4.086956521739131,0.23478260869565218,3.4782608695652173,1,16,34,-0.627391304347826,3.0869565217391304
Green Bar 笔记本,4.052631578947368,0.0,3.4210526315789473,1,7,9,0.24684210526315792,4.473684210526316
Smead 盘,3.772727272727273,0.0,3.3636363636363638,1,15,35,0.36727272727272736,2.8636363636363638
Lesro 培训桌,3.0,0.4,2.857142857142857,3,17,36,-0.46714285714285714,4.142857142857143
SanDisk 羊皮纸,3.1666666666666665,0.0,3.0,1,7,14,0.17,4.583333333333333
Breville 炉灶,3.875,0.11666666666666668,3.2083333333333335,1,4,37,0.05250000000000001,3.9583333333333335
Fellowes 锁柜,3.9615384615384617,0.0,3.3461538461538463,1,15,30,0.2630769230769231,3.923076923076923
Sanford 钢笔,4.411764705882353,0.2941176470588236,3.411764705882353,1,16,38,-0.7658823529411766,3.3529411764705883
Ibico 打孔机,3.9642857142857144,0.1142857142857143,3.25,1,3,7,0.04750000000000001,4.107142857142857
Boston 速写本,4.5,0.32222222222222224,3.7222222222222223,1,16,34,-0.82,3.7222222222222223
Ames 邮寄品,4.230769230769231,0.0,3.423076923076923,1,2,39,0.3161538461538462,4.1923076923076925
思科 充电器,4.176470588235294,0.14117647058823532,3.7058823529411766,2,11,40,-0.03823529411764706,2.823529411764706
Tenex 盘,4.56,0.0,3.72,1,15,28,0.39960000000000007,2.96
Hamilton Beach 炉灶,3.142857142857143,0.1142857142857143,3.0,1,4,41,0.07357142857142858,4.5
Hamilton Beach 烤面包机,4.181818181818182,0.05454545454545456,3.4545454545454546,1,4,41,0.12090909090909091,3.9545454545454546
Rogers 文件夹,3.935483870967742,0.0,3.4838709677419355,1,15,42,0.3419354838709677,3.6451612903225805
Acme 开信刀,3.896551724137931,0.08275862068965517,3.310344827586207,1,1,18,0.12206896551724139,3.6206896551724137
Stockwell 订书钉,3.8974358974358974,0.20512820512820518,3.2564102564102564,1,8,10,-0.08230769230769229,3.923076923076923
Accos 按钉,3.5,0.12727272727272726,3.0454545454545454,1,8,26,0.04863636363636363,3.4545454545454546
Dania 古典书架,3.75,0.1,3.3125,3,13,32,0.013124999999999998,3.0
Smead 文件车,4.173913043478261,0.0,3.391304347826087,1,15,35,0.3152173913043477,3.5217391304347827
佳能 传真机,4.35,0.07,3.5,2,9,43,0.24500000000000002,3.65
松下 电话,3.6666666666666665,0.06666666666666668,3.111111111111111,2,5,44,0.018888888888888882,3.5555555555555554
Harbour Creations 运输标签,4.0,0.0,3.409090909090909,1,12,31,0.2227272727272727,4.318181818181818
Stockwell 回形针,3.7096774193548385,0.11612903225806452,3.2903225806451615,1,8,10,0.16129032258064513,4.645161290322581
StarTech 打印机,3.25,0.13333333333333333,3.0833333333333335,2,5,45,0.008333333333333325,3.8333333333333335
Hoover 微波炉,3.789473684210526,0.16842105263157894,3.3157894736842106,1,4,46,-0.09526315789473683,4.157894736842105
Stanley 速写本,3.727272727272727,0.14545454545454545,3.0,1,16,47,-0.11727272727272728,4.545454545454546
SanDisk 路由器,4.117647058823529,0.023529411764705882,3.5294117647058822,2,10,14,0.17529411764705885,3.0
Smead 有色标签,4.0,0.0,3.25,1,12,35,0.45199999999999996,2.95
Kraft 搭扣信封,3.7241379310344827,0.0,3.1379310344827585,1,2,48,0.3386206896551725,3.3793103448275863
宜家 书架,3.533333333333333,0.10666666666666667,3.2,3,13,49,-0.004000000000000011,2.933333333333333
三星 信号增强器,3.6956521739130435,0.1565217391304348,3.260869565217391,2,11,20,-0.09347826086956525,4.521739130434782
Kraft 邮寄品,4.363636363636363,0.0,3.4545454545454546,1,2,48,0.2227272727272727,3.6818181818181817
三星 充电器,3.925925925925926,0.11851851851851852,3.259259259259259,2,11,20,0.13296296296296298,3.1481481481481484
Elite 大剪刀,3.8333333333333335,0.13333333333333333,3.375,1,1,22,0.14583333333333331,3.875
Accos 橡皮筋,3.9523809523809526,0.17142857142857143,3.4285714285714284,1,8,26,-0.09000000000000001,3.5714285714285716
Hon 圆形标签,3.6923076923076925,0.0,3.076923076923077,1,12,50,0.16846153846153847,3.769230769230769
Novimex 合法证物标签,4.142857142857143,0.0,3.5714285714285716,1,12,16,0.24,3.7142857142857144
Kleencut 尺子,3.263157894736842,0.14736842105263157,3.0526315789473686,1,1,4,0.13578947368421054,4.0
佳能 复印机,4.1,0.1,3.25,2,9,43,0.0385,3.5
夏普 墨水,2.9,0.15999999999999998,2.75,2,9,51,-0.038,3.7
Ames 外皮和封条,3.789473684210526,0.0,3.473684210526316,1,2,39,0.2378947368421053,3.9473684210526314
Tenex 分层置放架,3.95,0.12,3.35,3,14,28,0.12049999999999997,4.45
Harbour Creations 有色标签,3.739130434782609,0.0,3.0869565217391304,1,12,31,0.20304347826086952,4.478260869565218
Eldon 框架,3.3846153846153846,0.12307692307692307,2.9615384615384617,3,14,52,0.28038461538461534,3.269230769230769
Wilson Jones 孔加固材料,4.193548387096774,0.06451612903225806,3.3870967741935485,1,3,29,0.12483870967741935,3.967741935483871
Eldon 搁板,3.8260869565217392,0.0,3.391304347826087,1,15,52,0.2700000000000001,4.217391304347826
Rogers 盘,3.935483870967742,0.0,3.2580645161290325,1,15,42,0.3967741935483871,3.4193548387096775
Stiletto 大剪刀,3.909090909090909,0.14545454545454548,3.272727272727273,1,1,53,0.00863636363636364,3.6363636363636362
Novimex 折叠椅,4.4,0.185,3.5,3,6,16,-0.015749999999999997,4.025
OIC 夹子,4.2105263157894735,0.12631578947368421,3.5789473684210527,1,8,25,0.10105263157894737,4.2631578947368425
Ames 局间信封,4.266666666666667,0.0,3.533333333333333,1,2,39,0.23266666666666663,3.8666666666666667
Sanford 荧光笔,4.304347826086956,0.39999999999999997,3.4782608695652173,1,16,38,-0.8621739130434782,3.9565217391304346
爱普生 收据打印机,4.8,0.16,3.8,2,5,11,0.036,3.0
Elite 修剪器,3.2222222222222223,0.13333333333333336,2.888888888888889,1,1,22,-0.07888888888888888,4.111111111111111
Cuisinart 咖啡研磨机,3.3333333333333335,0.13333333333333333,2.9444444444444446,1,4,54,0.022222222222222223,3.8333333333333335
Avery 装订机,3.8275862068965516,0.16551724137931037,3.2758620689655173,1,3,19,0.06275862068965518,3.206896551724138
Eldon 闹钟,4.074074074074074,0.13333333333333333,3.3703703703703702,3,14,52,0.08555555555555552,3.962962962962963
Memorex 键区,4.0,0.17500000000000002,3.1875,2,10,17,0.110625,3.6875
Fiskars 修剪器,4.333333333333333,0.11666666666666668,3.4166666666666665,1,1,1,0.21291666666666664,4.166666666666667
Hewlett 复印机,3.6,0.12,3.2,2,9,21,0.17149999999999999,3.9
Eaton 计划信息表,4.133333333333334,0.0,3.3333333333333335,1,7,55,0.13999999999999999,3.8333333333333335
Acco 孔加固材料,3.68,0.19200000000000003,3.12,1,3,56,-0.047599999999999996,4.04
KitchenAid 微波炉,4.4375,0.15000000000000002,3.6875,1,4,5,0.11,4.5
诺基亚 办公室电话机,4.2105263157894735,0.16842105263157894,3.263157894736842,2,11,15,0.09526315789473684,4.105263157894737
贝尔金 路由器,4.066666666666666,0.14666666666666667,3.433333333333333,2,10,57,0.19733333333333333,3.3666666666666667
Fiskars 大剪刀,3.15,0.08,3.1,1,1,1,0.159,3.85
Stanley 铅笔刀,3.55,0.25,3.2,1,16,47,-0.5149999999999999,3.5
StarTech 收据打印机,3.2142857142857144,0.19999999999999998,3.0714285714285716,2,5,45,-0.057142857142857106,3.357142857142857
GlobeWeis 马尼拉纸信封,4.15,0.0,3.1,1,2,2,0.1945,3.5
罗技 记忆卡,3.1818181818181817,0.14545454545454548,2.727272727272727,2,10,27,0.09909090909090912,3.0
Smead 锁柜,3.611111111111111,0.0,3.111111111111111,1,15,35,0.32305555555555565,3.7222222222222223
Elite 美工刀,3.75,0.1,3.15,1,1,22,0.045500000000000006,3.45
Hon 摇椅,4.076923076923077,0.20769230769230773,3.5,3,6,50,0.061538461538461535,4.076923076923077
贝尔金 闪存驱动器,4.368421052631579,0.14736842105263157,3.526315789473684,2,10,57,-0.07526315789473687,4.368421052631579
Enermax 键盘,3.96,0.11200000000000002,3.44,2,10,58,0.1448,4.04
Cardinal 订书机,4.0,0.17931034482758623,3.413793103448276,1,3,3,0.05482758620689655,4.310344827586207
Hon 运输标签,3.6666666666666665,0.0,3.2222222222222223,1,12,50,0.23444444444444443,3.4444444444444446
Avery 订书机,3.6,0.10666666666666667,3.2333333333333334,1,3,19,0.09399999999999999,4.533333333333333
Harbour Creations 扶手椅,4.1,0.10333333333333333,3.3666666666666667,3,6,31,0.23366666666666672,3.966666666666667
Advantus 门挡,3.9473684210526314,0.08421052631578947,3.210526315789474,3,14,33,0.10315789473684212,3.263157894736842
Harbour Creations 合法证物标签,4.72,0.0,3.56,1,12,31,0.10200000000000001,3.84
OIC 橡皮筋,4.166666666666667,0.13333333333333333,3.2777777777777777,1,8,25,0.05777777777777777,3.5
Bush 古典书架,4.375,0.1,3.3125,3,13,59,-0.055,3.5625
Tenex 相框,3.347826086956522,0.1391304347826087,3.0869565217391304,3,14,28,0.08608695652173913,3.260869565217391
Cameo 搭扣信封,4.421052631578948,0.0,3.526315789473684,1,2,60,0.2752631578947368,4.684210526315789
SAFCO 折叠椅,3.8484848484848486,0.11818181818181818,3.272727272727273,3,6,8,-0.01454545454545455,3.393939393939394
Tenex 文件夹,3.606060606060606,0.0,3.272727272727273,1,15,28,0.08545454545454545,3.272727272727273
Enermax 笔记本,3.2,0.0,2.9,1,7,58,0.31900000000000006,3.15
Avery 合法证物标签,3.8333333333333335,0.0,3.2777777777777777,1,12,19,0.21888888888888888,3.7777777777777777
Kleencut 修剪器,3.2777777777777777,0.13333333333333333,2.9444444444444446,1,1,4,0.036111111111111115,3.388888888888889
Tenex 闹钟,4.142857142857143,0.08571428571428573,3.642857142857143,3,14,28,0.12142857142857143,2.7857142857142856
Breville 微波炉,4.444444444444445,0.17777777777777776,3.4444444444444446,1,4,37,-0.22666666666666668,4.277777777777778
Acme 剪刀,3.95,0.1,3.2,1,1,18,0.0605,4.05
Deflect-O 门挡,3.85,0.1,3.3,3,14,61,0.13400000000000004,3.95
思科 耳机,4.0,0.12307692307692308,3.230769230769231,2,11,40,0.17576923076923073,4.269230769230769
罗技 闪存驱动器,4.0,0.21052631578947367,3.210526315789474,2,10,27,-0.1731578947368421,3.210526315789474
Brother 墨水,4.045454545454546,0.1272727272727273,3.590909090909091,2,9,62,0.0822727272727273,3.1818181818181817
Eaton 信纸,3.3125,0.0,3.125,1,7,55,0.30625,3.8125
Breville 咖啡研磨机,3.6,0.17600000000000002,3.12,1,4,37,-0.019999999999999997,3.44
Eldon 盒,4.0,0.0,3.357142857142857,1,15,52,0.24071428571428571,4.107142857142857
松下 收据打印机,3.7857142857142856,0.1142857142857143,3.2857142857142856,2,5,44,0.18785714285714286,3.7142857142857144
苹果 信号增强器,4.454545454545454,0.14545454545454548,3.4545454545454546,2,11,63,0.21,4.136363636363637
Eldon 分层置放架,3.0952380952380953,0.05714285714285715,2.857142857142857,3,14,52,0.14857142857142858,3.619047619047619
Novimex 沙滩椅,3.75,0.17142857142857146,3.1785714285714284,3,6,16,0.018214285714285718,4.142857142857143
Wilson Jones 装订机,3.7666666666666666,0.10666666666666667,3.1333333333333333,1,3,29,0.17066666666666666,4.166666666666667
Boston 记号笔,3.6666666666666665,0.2,3.2777777777777777,1,16,34,-0.17055555555555557,3.9444444444444446
惠普 传真复印机,3.923076923076923,0.07692307692307693,3.4615384615384617,2,9,12,0.15307692307692308,3.3076923076923075
Smead 运输标签,3.411764705882353,0.0,3.1176470588235294,1,12,35,0.2788235294117647,2.823529411764706
Ames 商业信封,4.041666666666667,0.0,3.4166666666666665,1,2,39,0.17833333333333334,3.8333333333333335
Wilson Jones 订书机,4.571428571428571,0.11428571428571428,3.5428571428571427,1,3,29,0.13628571428571426,3.6857142857142855
Chromcraft 木桌,4.285714285714286,0.39285714285714285,3.7142857142857144,3,17,64,-0.21428571428571427,4.0
贝尔金 记忆卡,3.5,0.05454545454545456,3.090909090909091,2,10,57,0.2868181818181818,3.590909090909091
Barricks 圆桌,3.6666666666666665,0.3333333333333333,3.0,3,17,65,-0.36333333333333345,3.1666666666666665
松下 喷墨打印机,3.8,0.08000000000000002,3.4,2,5,44,0.16666666666666669,3.2666666666666666
摩托罗拉 充电器,4.260869565217392,0.1391304347826087,3.260869565217391,2,11,66,-0.10347826086956521,4.826086956521739
Stockwell 图钉,3.82,0.10400000000000001,3.26,1,8,10,0.1778,3.92
诺基亚 音频基座,4.571428571428571,0.14285714285714285,3.5,2,11,15,0.17142857142857149,3.7857142857142856
Enermax 备忘录便条,4.0,0.0,3.4444444444444446,1,7,58,0.17944444444444443,4.777777777777778
Accos 夹子,3.2777777777777777,0.17777777777777778,2.8333333333333335,1,8,26,0.155,3.5555555555555554
GlobeWeis 局间信封,4.684210526315789,0.0,3.6842105263157894,1,2,2,0.38105263157894737,5.105263157894737
Boston 钢笔,4.380952380952381,0.26666666666666666,3.5714285714285716,1,16,34,-0.4285714285714285,4.238095238095238
Kleencut 美工刀,4.15,0.06000000000000001,3.6,1,1,4,0.22149999999999997,4.15
Enermax 记忆卡,4.52,0.08,3.52,2,10,58,0.2364,3.56
Barricks 电脑桌,4.0,0.385,3.2,3,17,65,-0.144,3.4
贝尔金 键盘,4.208333333333333,0.15,3.625,2,10,57,0.08708333333333335,3.8333333333333335
Avery 可去除的标签,4.1,0.0,3.45,1,12,19,0.18149999999999997,3.75
Acco 订书机,3.6857142857142855,0.10285714285714287,3.1714285714285713,1,3,56,0.15171428571428572,3.914285714285714
施乐 信纸,4.4,0.0,3.7333333333333334,1,7,67,0.3933333333333334,3.466666666666667
诺基亚 智能手机,3.8666666666666667,0.13333333333333333,3.466666666666667,2,11,15,0.08866666666666664,3.6666666666666665
Tenex 盒,4.4,0.0,3.56,1,15,28,0.39520000000000005,4.16
Avery 标签,3.4285714285714284,0.1285714285714286,3.0,1,3,19,0.20214285714285718,3.642857142857143
Acco 标签,3.7142857142857144,0.1285714285714286,3.357142857142857,1,3,56,0.19464285714285712,3.142857142857143
Enermax 鼠标,3.65,0.12000000000000002,3.35,2,10,58,-0.10049999999999999,4.5
SanDisk 闪存驱动器,4.0,0.16,3.466666666666667,2,10,14,0.26066666666666666,4.2
Novimex 运输标签,4.148148148148148,0.0,3.111111111111111,1,12,16,0.3844444444444444,3.888888888888889
BIC 铅笔刀,3.88,0.30400000000000005,3.24,1,16,68,-0.5696,3.64
Kleencut 剪刀,4.090909090909091,0.07272727272727274,3.6363636363636362,1,1,4,0.22454545454545452,3.3181818181818183
摩托罗拉 信号增强器,3.3157894736842106,0.10526315789473684,3.0526315789473686,2,11,66,0.09736842105263159,3.736842105263158
摩托罗拉 办公室电话机,4.421052631578948,0.12631578947368424,3.473684210526316,2,11,66,-0.09526315789473683,4.2105263157894735
贝尔金 鼠标,4.0588235294117645,0.07058823529411766,3.3529411764705883,2,10,57,0.1435294117647059,3.588235294117647
Novimex 可去除的标签,3.9523809523809526,0.0,3.380952380952381,1,12,16,0.23476190476190478,3.9523809523809526
Fiskars 尺子,3.7096774193548385,0.09032258064516129,3.129032258064516,1,1,1,0.057096774193548416,4.32258064516129
Bush 书库,3.4285714285714284,0.13333333333333333,3.2857142857142856,3,13,59,0.15428571428571425,3.380952380952381
Avery 圆形标签,4.222222222222222,0.0,3.611111111111111,1,12,19,0.2627777777777778,3.611111111111111
Hoover 炉灶,3.4705882352941178,0.14117647058823532,3.235294117647059,1,4,46,-0.04294117647058823,2.6470588235294117
Advantus 夹子,3.857142857142857,0.14285714285714285,3.5714285714285716,1,8,33,0.085,3.7142857142857144
Acco 打孔机,3.9,0.12000000000000001,3.2333333333333334,1,3,56,0.025333333333333336,4.566666666666666
苹果 智能手机,4.7894736842105265,0.14736842105263157,3.6315789473684212,2,11,63,0.07105263157894737,3.526315789473684
Harbour Creations 可去除的标签,4.705882352941177,0.0,3.4705882352941178,1,12,31,0.18764705882352944,3.411764705882353
思科 信号增强器,3.9166666666666665,0.10000000000000002,3.3333333333333335,2,11,40,0.009166666666666686,3.4166666666666665
Rogers 搁板,3.8518518518518516,0.0,3.4444444444444446,1,15,42,0.13777777777777778,3.6666666666666665
松下 打印机,4.0,0.13333333333333336,3.3333333333333335,2,5,44,0.0077777777777777845,4.333333333333333
Stockwell 按钉,3.5454545454545454,0.10000000000000003,3.0454545454545454,1,8,10,0.29204545454545455,3.909090909090909
思科 办公室电话机,3.3461538461538463,0.18461538461538465,3.1923076923076925,2,11,40,-0.2053846153846154,3.5
Elite 剪刀,4.285714285714286,0.1142857142857143,3.2857142857142856,1,1,22,0.09642857142857143,2.9285714285714284
Office Star 折叠椅,3.6363636363636362,0.16666666666666666,3.090909090909091,3,6,24,-0.10454545454545457,3.6363636363636362
SanDisk 笔记本,3.9375,0.0,3.1875,1,7,14,0.265625,3.3125
Hon 椅垫,4.090909090909091,0.13636363636363635,3.242424242424242,3,6,50,0.18303030303030302,3.5757575757575757
Rogers 锁柜,3.6785714285714284,0.0,3.357142857142857,1,15,42,0.24178571428571427,3.5714285714285716
爱普生 电话,4.142857142857143,0.0,3.5714285714285716,2,5,11,0.31428571428571433,3.5714285714285716
Harbour Creations 摇椅,3.6,0.15000000000000002,3.1333333333333333,3,6,31,0.0736666666666667,3.3333333333333335
Enermax 令,3.8666666666666667,0.0,3.433333333333333,1,7,58,0.13499999999999998,3.2666666666666666
苹果 耳机,3.5714285714285716,0.14285714285714285,3.357142857142857,2,11,63,0.014999999999999996,3.142857142857143
Deflect-O 闹钟,4.090909090909091,0.10909090909090911,3.227272727272727,3,14,61,0.21818181818181823,3.5454545454545454
Bush 书架,4.357142857142857,0.14285714285714285,3.4642857142857144,3,13,59,0.26607142857142857,3.4642857142857144
GlobeWeis 商业信封,4.117647058823529,0.0,3.411764705882353,1,2,2,0.3029411764705882,4.117647058823529
Stockwell 夹子,4.051282051282051,0.14358974358974363,3.41025641025641,1,8,10,0.13538461538461538,3.6666666666666665
宜家 古典书架,3.4642857142857144,0.1142857142857143,3.25,3,13,49,0.1285714285714286,3.142857142857143
Eldon 文件车,4.583333333333333,0.0,3.625,1,15,52,0.3041666666666667,4.291666666666667
Memorex 路由器,3.9,0.14,3.4,2,10,17,0.19599999999999998,4.65
Cardinal 装订机盖,3.6875,0.1375,3.25,1,3,3,0.200625,3.875
Hamilton Beach 微波炉,3.6666666666666665,0.10666666666666667,3.2,1,4,41,0.09000000000000001,2.466666666666667
Hon 凳子,3.8666666666666667,0.12333333333333332,3.2666666666666666,3,6,50,0.06733333333333334,3.8333333333333335
Bush 墙角架,3.625,0.07500000000000001,3.125,3,13,59,0.21875,3.5625
KitchenAid 炉灶,4.105263157894737,0.12631578947368424,3.473684210526316,1,4,5,0.12473684210526316,4.2631578947368425
Advantus 橡皮筋,4.076923076923077,0.12307692307692308,3.3846153846153846,1,8,33,0.020384615384615383,4.269230769230769
Rogers 文件车,3.8378378378378377,0.0,3.4324324324324325,1,15,42,0.20621621621621627,4.513513513513513
Office Star 扶手椅,3.310344827586207,0.14482758620689656,3.0689655172413794,3,6,24,0.03482758620689654,3.0689655172413794
Smead 文件夹,3.814814814814815,0.0,3.259259259259259,1,15,35,0.3414814814814815,3.4814814814814814
Brother 传真机,3.769230769230769,0.15384615384615385,3.5384615384615383,2,9,62,0.02769230769230769,3.3846153846153846
Hamilton Beach 冰箱,4.125,0.1,3.4375,1,4,41,-0.080625,4.625
Rubvermaid 灯泡,4.4375,0.125,3.3125,3,14,69,0.270625,5.3125
Advantus 相框,3.9444444444444446,0.08888888888888889,3.111111111111111,3,14,33,0.16888888888888887,3.6666666666666665
Harbour Creations 折叠椅,4.0,0.1625,3.4583333333333335,3,6,31,0.07458333333333333,3.5833333333333335
Tenex 搁板,3.6052631578947367,0.0,3.1578947368421053,1,15,28,0.25894736842105265,3.9210526315789473
Office Star 沙滩椅,3.966666666666667,0.14666666666666667,3.3666666666666667,3,6,24,0.09066666666666667,3.533333333333333
罗技 键盘,4.0,0.14285714285714285,3.2857142857142856,2,10,27,0.056428571428571425,4.0
Ibico 标签,4.4,0.20800000000000005,3.56,1,3,7,-0.14120000000000002,3.24
Sauder 搁架,3.65,0.1,3.15,3,13,23,0.085,4.45
Kraft 局间信封,4.857142857142857,0.0,3.857142857142857,1,2,48,0.18571428571428572,3.0476190476190474
Hon 文件夹标签,4.769230769230769,0.0,3.5384615384615383,1,12,50,0.14076923076923079,4.538461538461538
Hon 扶手椅,3.84,0.128,3.32,3,6,50,0.1108,3.68
Binney & Smith 荧光笔,4.1875,0.225,3.3125,1,16,70,-0.436875,5.0625
宜家 墙角架,4.0588235294117645,0.07058823529411766,3.235294117647059,3,13,49,0.1964705882352941,3.8823529411764706
Tenex 锁柜,4.035714285714286,0.0,3.5,1,15,28,0.4317857142857143,3.6785714285714284
Deflect-O 灯泡,3.611111111111111,0.08888888888888889,3.111111111111111,3,14,61,0.15444444444444444,4.0
Green Bar 羊皮纸,5.071428571428571,0.0,3.7857142857142856,1,7,9,0.17857142857142855,3.857142857142857
Stiletto 修剪器,4.157894736842105,0.08421052631578947,3.473684210526316,1,1,53,0.0026315789473684206,3.3157894736842106
Bevis 会议桌,5.333333333333333,0.30833333333333335,4.0,3,17,71,-0.21166666666666667,4.333333333333333
苹果 音频基座,3.8947368421052633,0.16842105263157894,3.3157894736842106,2,11,63,0.09736842105263156,4.157894736842105
SanDisk 令,4.090909090909091,0.0,3.4545454545454546,1,7,14,0.2918181818181818,4.363636363636363
佳能 无线传真机,3.5714285714285716,0.19047619047619047,3.238095238095238,2,9,43,0.014761904761904754,4.714285714285714
贝尔金 键区,4.681818181818182,0.16363636363636364,3.727272727272727,2,10,57,-0.020454545454545472,4.2272727272727275
SAFCO 沙滩椅,3.8846153846153846,0.09615384615384616,3.3076923076923075,3,6,8,0.22384615384615386,4.115384615384615
Enermax 羊皮纸,4.166666666666667,0.0,3.3333333333333335,1,7,58,0.3733333333333333,3.7777777777777777
Dania 搁架,4.045454545454546,0.16363636363636364,3.409090909090909,3,13,32,0.056818181818181816,4.454545454545454
KitchenAid 咖啡研磨机,3.869565217391304,0.10434782608695652,3.260869565217391,1,4,5,-0.01826086956521739,3.6956521739130435
摩托罗拉 耳机,4.6923076923076925,0.12307692307692308,3.5384615384615383,2,11,66,0.0973076923076923,3.6538461538461537
Safco 搁架,3.7333333333333334,0.08000000000000002,3.533333333333333,3,13,8,0.10400000000000001,4.666666666666667
StarTech 喷墨打印机,3.176470588235294,0.047058823529411764,3.0,2,5,45,0.21,4.117647058823529
Ibico 装订机,3.7333333333333334,0.14666666666666667,3.2,1,3,7,0.10133333333333333,3.7666666666666666
Sauder 柜,3.84375,0.15000000000000002,3.4375,3,13,23,0.175625,4.5625
Ibico 孔加固材料,4.0,0.08888888888888889,3.4444444444444446,1,3,7,0.13444444444444445,3.740740740740741
Stanley 荧光笔,3.7,0.29,3.2,1,16,47,-0.82,4.65
Sauder 墙角架,4.8125,0.1,3.75,3,13,23,0.075,4.1875
佳能 传真复印机,4.642857142857143,0.15714285714285717,3.642857142857143,2,9,43,-0.11071428571428572,4.142857142857143
BIC 速写本,4.0588235294117645,0.2823529411764706,3.4705882352941178,1,16,68,-0.4982352941176471,3.9411764705882355
Fellowes 搁板,3.611111111111111,0.0,3.3333333333333335,1,15,30,0.28888888888888886,4.0
GlobeWeis 外皮和封条,4.117647058823529,0.0,3.4411764705882355,1,2,2,0.2235294117647059,3.088235294117647
Jiffy 外皮和封条,4.181818181818182,0.0,3.5454545454545454,1,2,13,0.309090909090909,2.8181818181818183
StarTech 卡片打印机,4.285714285714286,0.1142857142857143,3.5,2,5,45,0.2757142857142857,3.4285714285714284
Novimex 摇椅,4.0606060606060606,0.18181818181818182,3.212121212121212,3,6,16,-0.041818181818181824,3.878787878787879
Wilson Jones 打孔机,3.966666666666667,0.13333333333333333,3.3333333333333335,1,3,29,0.19799999999999998,3.8
Advantus 框架,4.190476190476191,0.09523809523809523,3.619047619047619,3,14,33,0.29714285714285715,3.5238095238095237
Rogers 盒,4.095238095238095,0.0,3.3333333333333335,1,15,42,0.30190476190476195,3.619047619047619
SAFCO 摇椅,3.9411764705882355,0.11764705882352941,3.411764705882353,3,6,8,0.1288235294117647,3.235294117647059
Hon 可去除的标签,3.7,0.0,3.3,1,12,50,0.20900000000000002,3.9
Bush 搁架,3.8,0.12,3.1,3,13,59,0.201,4.7
SAFCO 椅垫,3.5555555555555554,0.1666666666666667,3.3333333333333335,3,6,8,0.10370370370370371,4.111111111111111
Cuisinart 冰箱,4.590909090909091,0.14545454545454548,3.4545454545454546,1,4,54,0.085,3.6363636363636362
Kraft 外皮和封条,4.304347826086956,0.0,3.1739130434782608,1,2,48,0.17391304347826086,3.347826086956522
Brother 复印机,3.7058823529411766,0.1647058823529412,3.411764705882353,2,9,62,0.1123529411764706,3.4705882352941178
Wilson Jones 装订机盖,3.586206896551724,0.09655172413793103,3.1379310344827585,1,3,29,0.1620689655172414,3.3448275862068964
Tenex 框架,4.142857142857143,0.1142857142857143,3.2857142857142856,3,14,28,0.020714285714285723,4.357142857142857
Binney & Smith 画布,3.68,0.32,3.36,1,16,70,-1.1887999999999999,3.56
Boston 荧光笔,4.708333333333333,0.2833333333333333,3.6666666666666665,1,16,34,-0.7791666666666668,3.5416666666666665
Cardinal 打孔机,3.466666666666667,0.08,3.066666666666667,1,3,3,0.134,3.1666666666666665
Acco 装订机盖,3.4615384615384617,0.06153846153846154,2.9615384615384617,1,3,56,0.18115384615384617,3.8846153846153846
Stiletto 尺子,3.789473684210526,0.16842105263157894,3.0,1,1,53,0.021052631578947368,3.210526315789474
Hewlett 传真复印机,3.789473684210526,0.042105263157894736,3.0,2,9,21,0.0942105263157895,4.157894736842105
冲电器 计算器,4.5,0.26666666666666666,3.8333333333333335,2,5,72,-0.28,3.6666666666666665
诺基亚 信号增强器,3.8947368421052633,0.06315789473684212,3.4210526315789473,2,11,15,0.07578947368421053,4.157894736842105
夏普 无线传真机,3.526315789473684,0.11578947368421054,2.9473684210526314,2,9,51,0.12736842105263158,3.8947368421052633
OIC 订书钉,4.434782608695652,0.17391304347826086,3.4782608695652173,1,8,25,-0.016086956521739127,3.4782608695652173
SAFCO 凳子,3.6296296296296298,0.15185185185185185,3.2222222222222223,3,6,8,-0.06037037037037037,3.1481481481481484
Advantus 订书钉,3.5625,0.125,3.125,1,8,33,0.095,4.4375
Hewlett 墨水,4.333333333333333,0.2,3.5,2,9,21,0.013888888888888895,3.1666666666666665
诺基亚 耳机,4.631578947368421,0.12631578947368421,3.8421052631578947,2,11,15,0.14,3.210526315789474
Advantus 按钉,3.608695652173913,0.1217391304347826,3.0434782608695654,1,8,33,0.1547826086956522,3.5217391304347827
BIC 荧光笔,4.095238095238095,0.2761904761904762,3.380952380952381,1,16,68,-0.7490476190476191,3.5238095238095237
BIC 钢笔,4.2727272727272725,0.33636363636363636,3.5454545454545454,1,16,68,-0.6668181818181819,3.8636363636363638
Safco 书库,3.96,0.128,3.48,3,13,8,0.023600000000000006,4.32
Hon 木桌,5.2,0.45999999999999996,3.6,3,17,50,-0.246,4.2
Hon 圆桌,3.888888888888889,0.3944444444444445,3.2222222222222223,3,17,50,-0.21555555555555553,2.4444444444444446
Cuisinart 烤面包机,4.214285714285714,0.05714285714285715,3.2142857142857144,1,4,54,0.22571428571428573,3.5714285714285716
佳能 个人复印机,3.7,0.05,3.3,2,9,43,0.25049999999999994,3.25
Advantus 回形针,4.391304347826087,0.1565217391304348,3.6956521739130435,1,8,33,0.05739130434782609,3.869565217391304
Enermax 信纸,3.875,0.0,3.2916666666666665,1,7,58,0.18791666666666665,4.125
Advantus 图钉,4.190476190476191,0.13333333333333336,3.2857142857142856,1,8,33,0.10476190476190476,4.190476190476191
Dania 书库,4.625,0.1,3.625,3,13,32,0.235,3.5
Jiffy 搭扣信封,3.8947368421052633,0.0,3.4210526315789473,1,2,13,0.25368421052631585,4.0
Enermax 键区,4.294117647058823,0.11764705882352941,3.411764705882353,2,10,58,0.14882352941176472,4.0
Eldon 盘,4.181818181818182,0.0,3.409090909090909,1,15,52,0.24227272727272722,3.272727272727273
Rubvermaid 框架,3.8823529411764706,0.023529411764705882,3.4705882352941178,3,14,69,0.14705882352941177,4.823529411764706
Memorex 闪存驱动器,3.5555555555555554,0.1111111111111111,3.111111111111111,2,10,17,0.04833333333333334,3.611111111111111
Jiffy 邮寄品,3.357142857142857,0.0,3.0714285714285716,1,2,13,0.24857142857142853,4.857142857142857
Bevis 咖啡桌,3.2857142857142856,0.4,3.0,3,17,71,-0.4557142857142856,4.285714285714286
GlobeWeis 邮寄品,3.8666666666666667,0.0,3.3333333333333335,1,2,2,0.2013333333333333,3.066666666666667
Eaton 备忘录便条,3.772727272727273,0.0,3.409090909090909,1,7,55,0.24727272727272728,3.4545454545454546
Rubvermaid 门挡,3.888888888888889,0.13333333333333333,3.5,3,14,69,0.10444444444444442,3.7222222222222223
Binney & Smith 记号笔,4.052631578947368,0.35789473684210527,3.526315789473684,1,16,70,-1.0263157894736843,4.052631578947368
Acme 修剪器,3.6666666666666665,0.17142857142857143,3.1904761904761907,1,1,18,0.09857142857142859,3.6666666666666665
Cuisinart 微波炉,3.9411764705882355,0.1411764705882353,3.3529411764705883,1,4,54,0.006470588235294107,3.1176470588235294
Green Bar 备忘录便条,3.5714285714285716,0.0,2.9642857142857144,1,7,9,0.13071428571428573,4.071428571428571
Jiffy 商业信封,2.8666666666666667,0.0,2.8,1,2,13,0.38066666666666665,2.933333333333333
Cameo 商业信封,3.6666666666666665,0.0,3.3,1,2,60,0.3226666666666667,4.033333333333333
Novimex 椅垫,4.434782608695652,0.1391304347826087,3.608695652173913,3,6,16,0.16347826086956524,3.8260869565217392
Fellowes 盘,4.346153846153846,0.0,3.6538461538461537,1,15,30,0.3076923076923077,3.8846153846153846
Eldon 灯泡,3.782608695652174,0.08695652173913043,3.347826086956522,3,14,52,0.1717391304347826,3.608695652173913
Sanford 铅笔刀,3.4761904761904763,0.28571428571428575,3.238095238095238,1,16,38,-0.5042857142857142,3.0
施乐 备忘录便条,3.8823529411764706,0.0,3.411764705882353,1,7,67,0.2635294117647059,4.0588235294117645
Hon 有色标签,4.684210526315789,0.0,3.6315789473684212,1,12,50,0.3836842105263158,3.8421052631578947
Ames 搭扣信封,3.8333333333333335,0.0,3.388888888888889,1,2,39,0.1761111111111111,3.5555555555555554
三星 音频基座,3.92,0.19200000000000003,3.32,2,11,20,-0.054400000000000004,3.32
罗技 鼠标,4.294117647058823,0.11764705882352941,3.4705882352941178,2,10,27,0.19999999999999998,3.588235294117647
Avery 有色标签,3.1666666666666665,0.0,3.0,1,12,19,0.24055555555555555,3.6666666666666665
Binney & Smith 钢笔,4.157894736842105,0.24210526315789477,3.4210526315789473,1,16,70,-0.4563157894736841,3.8947368421052633
SanDisk 键盘,4.157894736842105,0.1473684210526316,3.473684210526316,2,10,14,-0.1305263157894737,4.368421052631579
Hoover 搅拌机,3.8260869565217392,0.06956521739130435,3.347826086956522,1,4,46,0.31173913043478263,3.8260869565217392
宜家 搁架,3.7037037037037037,0.10370370370370371,3.2222222222222223,3,13,49,0.21777777777777785,3.4814814814814814
惠普 复印机,4.809523809523809,0.09523809523809523,3.761904761904762,2,9,12,0.008095238095238093,4.0476190476190474
Office Star 椅垫,3.935483870967742,0.09677419354838711,3.225806451612903,3,6,24,0.21483870967741936,2.967741935483871
Memorex 记忆卡,3.619047619047619,0.0761904761904762,3.0,2,10,17,0.18714285714285717,3.7142857142857144
夏普 传真复印机,3.6666666666666665,0.14285714285714288,3.238095238095238,2,9,51,0.059523809523809534,3.7142857142857144
松下 计算器,4.076923076923077,0.09230769230769233,3.3846153846153846,2,5,44,0.05923076923076923,3.8461538461538463
Tenex 文件车,3.588235294117647,0.0,3.1176470588235294,1,15,28,0.2282352941176471,3.4705882352941178
Hon 咖啡桌,4.0,0.39166666666666666,3.1666666666666665,3,17,50,-0.2733333333333333,3.5
Eaton 笔记本,4.0,0.0,3.142857142857143,1,7,55,0.07857142857142858,3.4285714285714284
Safco 古典书架,3.6,0.10666666666666667,3.2666666666666666,3,13,8,-0.017333333333333326,4.866666666666666
宜家 书库,3.8846153846153846,0.13846153846153847,3.3846153846153846,3,13,49,0.065,4.076923076923077
Cameo 外皮和封条,4.2631578947368425,0.0,3.3157894736842106,1,2,60,0.19947368421052633,4.105263157894737
摩托罗拉 智能手机,4.2105263157894735,0.12631578947368421,3.3684210526315788,2,11,66,0.0663157894736842,4.052631578947368
爱普生 打印机,3.6666666666666665,0.13333333333333333,3.1666666666666665,2,5,11,-0.17,3.8333333333333335
SanDisk 记忆卡,4.090909090909091,0.12727272727272726,3.3181818181818183,2,10,14,0.08454545454545452,3.227272727272727
Avery 运输标签,3.9285714285714284,0.0,3.357142857142857,1,12,19,0.1542857142857143,4.0
摩托罗拉 音频基座,3.15,0.1,3.05,2,11,66,0.30350000000000005,4.55
Breville 冰箱,3.8,0.18666666666666665,3.466666666666667,1,4,37,-0.038000000000000006,3.8
Eldon 门挡,3.0,0.14285714285714285,2.9285714285714284,3,14,52,0.0842857142857143,4.285714285714286
Office Star 凳子,3.72972972972973,0.1324324324324324,3.2972972972972974,3,6,24,0.01351351351351351,3.972972972972973
Acco 装订机,4.607142857142857,0.14285714285714285,3.607142857142857,1,3,56,0.00035714285714285747,4.714285714285714
Chromcraft 会议桌,4.333333333333333,0.4166666666666667,3.5,3,17,64,-0.2583333333333333,3.0
Fiskars 美工刀,3.5,0.08888888888888889,3.0,1,1,1,0.17222222222222222,3.4444444444444446
Safco 柜,3.6,0.13999999999999999,3.2,3,13,8,0.008999999999999985,3.55
Smead 盒,3.769230769230769,0.0,3.269230769230769,1,15,35,0.2723076923076923,3.3461538461538463
爱普生 卡片打印机,3.8823529411764706,0.14117647058823532,3.235294117647059,2,5,11,0.15823529411764706,5.0588235294117645
Novimex 凳子,4.769230769230769,0.1653846153846154,3.6923076923076925,3,6,16,0.04692307692307693,3.423076923076923
SanDisk 信纸,4.3076923076923075,0.0,3.6153846153846154,1,7,14,0.20884615384615385,3.8076923076923075
冲电器 打印机,3.6,0.16,2.8,2,5,72,0.1,3.2
Avery 文件夹标签,4.0588235294117645,0.0,3.3529411764705883,1,12,19,0.24352941176470586,4.705882352941177
三星 耳机,4.083333333333333,0.13333333333333333,3.1666666666666665,2,11,20,0.065,3.8333333333333335
苹果 办公室电话机,4.2727272727272725,0.07272727272727274,3.6363636363636362,2,11,63,0.24727272727272728,2.5454545454545454
StarTech 计算器,4.222222222222222,0.17777777777777778,3.2222222222222223,2,5,45,0.022222222222222216,5.222222222222222
Eldon 文件夹,4.291666666666667,0.0,3.5,1,15,52,0.3641666666666667,3.875
Enermax 闪存驱动器,4.428571428571429,0.11428571428571428,3.5238095238095237,2,10,58,0.19523809523809527,3.8095238095238093
冲电器 喷墨打印机,4.166666666666667,0.13333333333333333,3.25,2,5,72,0.02583333333333333,4.416666666666667
Eldon 相框,4.4,0.14400000000000002,3.56,3,14,52,0.05199999999999999,3.6
Binney & Smith 速写本,3.823529411764706,0.48235294117647054,3.3529411764705883,1,16,70,-1.3376470588235294,3.2941176470588234
OIC 回形针,4.157894736842105,0.1473684210526316,3.4210526315789473,1,8,25,-0.07947368421052632,3.6315789473684212
Novimex 文件夹标签,4.470588235294118,0.0,3.588235294117647,1,12,16,0.26176470588235295,3.8823529411764706
Novimex 扶手椅,3.1875,0.14375,2.96875,3,6,16,0.13937500000000003,3.6875
冲电器 卡片打印机,4.125,0.15000000000000002,3.5,2,5,72,0.31375,5.5
Safco 书架,3.391304347826087,0.08695652173913043,3.0434782608695654,3,13,8,0.21217391304347827,3.869565217391304
Hewlett 无线传真机,4.1,0.02,3.6,2,9,21,0.24400000000000005,3.3
Smead 合法证物标签,3.9,0.0,3.15,1,12,35,0.10900000000000001,3.6
Avery 打孔机,4.027777777777778,0.13333333333333336,3.3055555555555554,1,3,19,-0.06555555555555553,3.75
Harbour Creations 文件夹标签,3.4705882352941178,0.0,3.235294117647059,1,12,31,0.2335294117647059,3.9411764705882355
Sauder 书库,3.652173913043478,0.1217391304347826,3.217391304347826,3,13,23,0.11869565217391305,4.130434782608695
Barricks 培训桌,4.0,0.41874999999999996,3.375,3,17,65,-0.37875,3.25
施乐 计划信息表,3.875,0.0,3.4166666666666665,1,7,67,0.26958333333333334,3.4166666666666665
Cameo 邮寄品,4.0,0.0,3.5,1,2,60,0.2733333333333333,4.166666666666667
Eldon 锁柜,3.8636363636363638,0.0,3.409090909090909,1,15,52,0.23545454545454544,3.3181818181818183
思科 音频基座,3.9,0.16,3.3,2,11,40,0.008999999999999998,3.6
Jiffy 马尼拉纸信封,4.428571428571429,0.0,3.4285714285714284,1,2,13,0.38500000000000006,3.7857142857142856
惠普 传真机,3.1666666666666665,0.16666666666666666,3.2222222222222223,2,9,12,0.1716666666666667,3.111111111111111
Stiletto 开信刀,3.6875,0.1,3.4375,1,1,53,-0.026874999999999996,3.75
Smead 可去除的标签,3.823529411764706,0.0,3.2941176470588234,1,12,35,0.3364705882352941,3.9411764705882355
Dania 墙角架,4.2105263157894735,0.08421052631578947,3.473684210526316,3,13,32,0.04894736842105265,4.2631578947368425
Cameo 马尼拉纸信封,3.9166666666666665,0.0,3.3333333333333335,1,2,60,0.13291666666666668,3.5
Barricks 木桌,4.777777777777778,0.33888888888888885,3.888888888888889,3,17,65,-0.22444444444444445,3.888888888888889
Hoover 烤面包机,4.095238095238095,0.11428571428571428,3.380952380952381,1,4,46,0.21571428571428572,3.4285714285714284
Memorex 鼠标,3.5238095238095237,0.0761904761904762,3.142857142857143,2,10,17,0.1323809523809524,3.6666666666666665
Stanley 钢笔,3.5294117647058822,0.37647058823529417,3.2941176470588234,1,16,47,-1.3411764705882354,4.352941176470588
Brother 传真复印机,3.625,0.10833333333333335,3.1666666666666665,2,9,62,0.13583333333333333,4.166666666666667
Ibico 装订机盖,4.0,0.13333333333333333,3.3333333333333335,1,3,7,0.05814814814814814,2.962962962962963
施乐 羊皮纸,4.0,0.0,3.142857142857143,1,7,67,0.1878571428571429,4.142857142857143
苹果 充电器,3.6666666666666665,0.08000000000000002,3.066666666666667,2,11,63,0.15600000000000003,3.2666666666666666
Ames 马尼拉纸信封,4.266666666666667,0.0,3.4,1,2,39,0.1426666666666667,3.066666666666667
柯尼卡 收据打印机,4.833333333333333,0.13333333333333333,3.5833333333333335,2,5,6,0.14833333333333334,2.4166666666666665
三星 智能手机,3.9583333333333335,0.16666666666666666,3.4166666666666665,2,11,20,-0.03791666666666666,3.125
Hon 合法证物标签,4.444444444444445,0.0,3.5555555555555554,1,12,50,0.2444444444444444,3.3333333333333335
Advantus 闹钟,4.3478260869565215,0.17391304347826086,3.4347826086956523,3,14,33,0.11565217391304349,4.086956521739131
Kraft 商业信封,4.269230769230769,0.0,3.4615384615384617,1,2,48,0.2565384615384615,3.9615384615384617
Lesro 电脑桌,4.285714285714286,0.36428571428571427,3.7142857142857144,3,17,36,-0.12999999999999998,2.5714285714285716
BIC 画布,3.8947368421052633,0.15789473684210525,3.4210526315789473,1,16,68,-0.2547368421052632,3.8421052631578947
Green Bar 信纸,3.9285714285714284,0.0,3.357142857142857,1,7,9,0.36357142857142855,3.0
Enermax 路由器,4.466666666666667,0.16,3.466666666666667,2,10,58,-0.03200000000000001,4.066666666666666
Hoover 冰箱,4.636363636363637,0.14545454545454548,3.5454545454545454,1,4,46,0.06999999999999999,3.3636363636363638
Sauder 古典书架,3.7333333333333334,0.08000000000000002,3.2,3,13,23,0.11866666666666668,4.666666666666667
SanDisk 计划信息表,4.05,0.0,3.6,1,7,14,0.2385,3.9
Stanley 记号笔,3.8636363636363638,0.2727272727272727,3.272727272727273,1,16,47,-0.7077272727272728,3.772727272727273
Bush 柜,3.75,0.1,3.25,3,13,59,0.08249999999999999,3.05
Tenex 门挡,3.923076923076923,0.0923076923076923,3.3846153846153846,3,14,28,0.26653846153846156,3.576923076923077
Hamilton Beach 搅拌机,3.875,0.1,3.25,1,4,41,0.11375,4.3125
Boston 铅笔刀,4.428571428571429,0.48571428571428577,4.0,1,16,34,-1.3514285714285712,3.2857142857142856
Hoover 咖啡研磨机,4.117647058823529,0.047058823529411764,3.235294117647059,1,4,46,0.22352941176470587,3.2941176470588234
Kleencut 大剪刀,3.5384615384615383,0.09230769230769233,3.1538461538461537,1,1,4,0.21153846153846154,4.230769230769231
思科 智能手机,3.5,0.18,3.25,2,11,40,0.05,3.2
Smead 搁板,3.739130434782609,0.0,3.0434782608695654,1,15,35,0.2121739130434782,3.217391304347826
夏普 复印机,3.72,0.09600000000000002,3.04,2,9,51,-0.08040000000000001,3.84
Safco 墙角架,4.473684210526316,0.10526315789473684,3.3684210526315788,3,13,8,0.21894736842105264,5.105263157894737
Sanford 画布,4.388888888888889,0.2555555555555556,3.5,1,16,38,-0.7461111111111111,3.2222222222222223
惠普 无线传真机,4.0,0.1,3.25,2,9,12,0.07749999999999999,5.625
Cuisinart 炉灶,4.416666666666667,0.06666666666666667,3.6666666666666665,1,4,54,0.09500000000000001,4.083333333333333
Rubvermaid 分层置放架,4.260869565217392,0.17391304347826086,3.347826086956522,3,14,69,-0.06086956521739129,3.739130434782609
Advantus 分层置放架,4.545454545454546,0.16363636363636364,3.5454545454545454,3,14,33,0.1836363636363636,4.136363636363637
Breville 烤面包机,4.142857142857143,0.09999999999999999,3.392857142857143,1,4,37,0.2046428571428571,4.571428571428571
Green Bar 令,3.5,0.0,2.9375,1,7,9,0.33625000000000005,3.25
Acme 大剪刀,4.555555555555555,0.13333333333333333,3.4444444444444446,1,1,18,0.07277777777777777,4.055555555555555
Elite 尺子,4.8,0.10666666666666667,3.6666666666666665,1,1,22,0.17600000000000002,3.533333333333333
Harbour Creations 圆形标签,3.5652173913043477,0.0,3.260869565217391,1,12,31,0.21521739130434783,3.347826086956522
Fiskars 开信刀,3.619047619047619,0.13333333333333333,3.1904761904761907,1,1,1,0.16333333333333333,3.0476190476190474
Hon 折叠椅,3.875,0.08750000000000001,3.4166666666666665,3,6,50,0.15291666666666667,3.9583333333333335
Enermax 计划信息表,3.7,0.0,3.4,1,7,58,0.21599999999999997,3.65
Deflect-O 框架,3.7222222222222223,0.13333333333333336,3.1666666666666665,3,14,61,0.014444444444444446,3.9444444444444446
Hewlett 个人复印机,4.318181818181818,0.11818181818181821,3.5454545454545454,2,9,21,0.23272727272727273,3.0454545454545454
Harbour Creations 凳子,3.909090909090909,0.13636363636363635,3.3636363636363638,3,6,31,0.12909090909090912,3.090909090909091
夏普 个人复印机,3.380952380952381,0.15238095238095237,3.142857142857143,2,9,51,0.04571428571428572,4.571428571428571
Rubvermaid 闹钟,3.7222222222222223,0.022222222222222223,3.2222222222222223,3,14,69,0.031111111111111107,4.555555555555555
Hon 会议桌,4.0,0.31,3.0,3,17,50,0.006000000000000005,3.8
施乐 笔记本,3.875,0.0,3.0625,1,7,67,0.2275,3.625
Harbour Creations 沙滩椅,4.24,0.132,3.44,3,6,31,0.09040000000000001,3.92
Smead 圆形标签,3.3125,0.0,3.1875,1,12,35,0.31499999999999995,3.9375
Breville 搅拌机,4.16,0.11200000000000002,3.32,1,4,37,0.06879999999999999,3.96
Deflect-O 相框,4.5,0.06666666666666668,3.7222222222222223,3,14,61,0.08666666666666667,3.611111111111111
Eaton 令,4.5,0.0,3.2142857142857144,1,7,55,0.3,3.0
佳能 墨水,4.172413793103448,0.1310344827586207,3.3793103448275863,2,9,43,0.1093103448275862,3.8620689655172415
Binney & Smith 铅笔刀,4.5,0.35000000000000003,3.5833333333333335,1,16,70,-0.6924999999999999,3.3333333333333335
Sanford 速写本,4.444444444444445,0.4222222222222222,3.6666666666666665,1,16,38,-1.3977777777777778,4.444444444444445
Eaton 羊皮纸,4.352941176470588,0.0,3.411764705882353,1,7,55,0.2770588235294117,3.0588235294117645
Stiletto 剪刀,4.045454545454546,0.14545454545454548,3.4545454545454546,1,1,53,0.15545454545454546,3.909090909090909
Lesro 圆桌,4.0,0.35,3.2,3,17,36,-0.284,3.0
Novimex 有色标签,3.7,0.0,3.25,1,12,16,0.26749999999999996,4.3
柯尼卡 喷墨打印机,4.0,0.10909090909090911,3.5454545454545454,2,5,6,0.30363636363636365,4.909090909090909
Brother 个人复印机,4.0,0.1,3.35,2,9,62,0.12350000000000001,3.45
罗技 键区,4.923076923076923,0.09230769230769233,3.8461538461538463,2,10,27,0.13615384615384618,4.076923076923077
柯尼卡 卡片打印机,3.9411764705882355,0.07058823529411766,3.3529411764705883,2,5,6,-0.07470588235294118,3.4705882352941178
Fellowes 盒,3.7777777777777777,0.0,3.1666666666666665,1,15,30,0.21111111111111114,4.055555555555555
Hamilton Beach 咖啡研磨机,4.4,0.02666666666666667,3.533333333333333,1,4,41,0.23199999999999996,2.8
柯尼卡 计算器,4.571428571428571,0.17142857142857146,3.4285714285714284,2,5,6,-0.02000000000000001,3.4285714285714284
Avery 装订机盖,4.071428571428571,0.09999999999999999,3.5714285714285716,1,3,19,0.06285714285714285,3.3214285714285716
施乐 令,4.222222222222222,0.0,3.4444444444444446,1,7,67,0.14666666666666664,3.2222222222222223
Rubvermaid 相框,3.8421052631578947,0.06315789473684212,3.473684210526316,3,14,69,0.11894736842105265,3.8947368421052633
Hon 沙滩椅,3.6315789473684212,0.11578947368421054,3.1578947368421053,3,6,50,-0.02473684210526315,3.789473684210526
Dania 柜,4.083333333333333,0.16666666666666666,3.5833333333333335,3,13,32,0.06166666666666667,3.5
宜家 柜,4.294117647058823,0.14117647058823532,3.411764705882353,3,13,49,0.29235294117647065,3.411764705882353
Bevis 圆桌,4.375,0.35625,3.625,3,17,71,-0.007499999999999993,5.25
Cameo 局间信封,4.32,0.0,3.48,1,2,60,0.3188,3.08
OIC 按钉,4.5625,0.1,3.4375,1,8,25,-0.041874999999999996,3.375
夏普 传真机,4.176470588235294,0.18823529411764706,3.411764705882353,2,9,51,-0.056470588235294106,4.411764705882353
柯尼卡 电话,3.923076923076923,0.09230769230769233,3.230769230769231,2,5,6,0.24076923076923076,2.769230769230769
StarTech 电话,4.454545454545454,0.10909090909090911,3.8181818181818183,2,5,45,-0.02272727272727273,4.7272727272727275
Stanley 画布,2.9,0.28,2.9,1,16,47,-0.347,3.4
爱普生 喷墨打印机,5.0,0.13333333333333333,3.6666666666666665,2,5,11,0.10500000000000002,3.1666666666666665
Smead 文件夹标签,4.095238095238095,0.0,3.4285714285714284,1,12,35,0.18095238095238098,3.5238095238095237
Fellowes 文件夹,4.2,0.0,3.28,1,15,30,0.20679999999999998,3.44
KitchenAid 烤面包机,2.85,0.2,2.75,1,4,5,-0.05650000000000001,3.45
Bevis 培训桌,3.857142857142857,0.39999999999999997,3.2857142857142856,3,17,71,-0.40571428571428575,4.0
Brother 无线传真机,3.7142857142857144,0.1142857142857143,3.142857142857143,2,9,62,0.21500000000000002,3.142857142857143
Chromcraft 电脑桌,3.0,0.5083333333333334,2.6666666666666665,3,17,64,-0.5483333333333333,3.8333333333333335
BIC 记号笔,4.571428571428571,0.2857142857142857,3.5714285714285716,1,16,68,-1.0114285714285718,3.5714285714285716
Cardinal 标签,3.2222222222222223,0.13333333333333336,3.0555555555555554,1,3,3,0.10722222222222222,4.166666666666667
Deflect-O 分层置放架,4.35,0.1,3.65,3,14,61,0.14700000000000002,3.55
惠普 个人复印机,4.818181818181818,0.14545454545454548,3.727272727272727,2,9,12,0.03454545454545455,3.8181818181818183
Accos 回形针,4.352941176470588,0.047058823529411764,3.3529411764705883,1,8,26,0.2852941176470588,4.294117647058823
Barricks 会议桌,4.5,0.4625,3.5,3,17,65,-0.1475,3.75
Kraft 马尼拉纸信封,3.857142857142857,0.0,3.142857142857143,1,2,48,0.20999999999999996,4.571428571428571
SanDisk 鼠标,4.444444444444445,0.2222222222222222,3.7777777777777777,2,10,14,-0.006666666666666654,3.3333333333333335
Lesro 会议桌,3.6666666666666665,0.4166666666666667,3.3333333333333335,3,17,36,-0.33,3.6666666666666665
SanDisk 备忘录便条,3.7142857142857144,0.0,3.2142857142857144,1,7,14,0.25285714285714284,3.857142857142857
Accos 订书钉,3.8181818181818183,0.14545454545454548,3.3636363636363638,1,8,26,0.22636363636363635,2.909090909090909
Stiletto 美工刀,4.666666666666667,0.13333333333333333,3.466666666666667,1,1,53,0.09466666666666668,4.2
Sanford 记号笔,3.2,0.2,2.6,1,16,38,-0.14600000000000002,2.4
Hon 培训桌,5.0,0.5,4.0,3,17,50,-0.46,2.0
Acme 美工刀,3.8333333333333335,0.17777777777777778,3.611111111111111,1,1,18,-0.055000000000000014,3.8333333333333335
Chromcraft 咖啡桌,4.5,0.39166666666666666,3.5,3,17,64,-0.04833333333333333,4.166666666666667
Chromcraft 培训桌,5.0,0.36666666666666664,3.888888888888889,3,17,64,-0.4066666666666667,3.7777777777777777
Chromcraft 圆桌,4.428571428571429,0.4214285714285714,3.7142857142857144,3,17,64,-0.31,2.857142857142857
冲电器 电话,3.857142857142857,0.17142857142857146,3.5714285714285716,2,5,72,-0.19285714285714284,3.7142857142857144
Barricks 咖啡桌,5.0,0.425,4.0,3,17,65,-0.22499999999999998,5.0
松下 卡片打印机,4.833333333333333,0.13333333333333333,3.8333333333333335,2,5,44,0.05333333333333334,4.333333333333333
Hon 电脑桌,3.75,0.325,3.5,3,17,50,-0.06999999999999999,2.25
Cuisinart 搅拌机,3.8,0.16,3.3333333333333335,1,4,54,0.006000000000000005,4.066666666666666
冲电器 收据打印机,4.6,0.08,3.6,2,5,72,0.15599999999999997,6.6
Lesro 咖啡桌,3.0,0.6,3.0,3,17,36,-0.915,4.0
Bevis 木桌,3.0,0.48333333333333334,2.6666666666666665,3,17,71,-0.5933333333333333,2.0
Lesro 木桌,5.0,0.3666666666666667,3.3333333333333335,3,17,36,-0.51,3.3333333333333335
Bevis 电脑桌,5.0,0.25,3.0,3,17,71,-0.09,13.0
