maker,deliver_way,discount,category,sub_category,price,area_div,profit_money,profit
1,3.363636363636364,0.1454545454545454,1,1,1,0,-21.09090909090909,-0.0945454545454545
2,3.5,0.0,1,2,1,2,58.75,0.34
3,3.5,0.1666666666666666,1,3,1,0,36.41666666666666,0.3341666666666666
4,2.5,0.3,1,1,1,2,34.75,0.0274999999999999
5,2.7142857142857144,0.1142857142857143,1,4,4,0,497.8571428571428,0.2857142857142857
6,4.0,0.1,2,5,0,0,1941.25,0.23
7,3.2222222222222223,0.2222222222222222,1,3,1,0,81.0,0.1211111111111111
8,3.125,0.1125,3,6,2,0,1766.625,0.185
9,4.0,0.0,1,7,1,2,37.5,0.08
10,3.8,0.08,1,8,1,2,31.4,0.082
11,3.6666666666666665,0.0,2,5,1,2,8.333333333333334,0.01
12,3.7142857142857135,0.1142857142857143,2,9,4,0,265.85714285714283,0.13
13,4.0,0.0,1,2,1,0,135.14285714285714,0.13
14,3.6666666666666665,0.0,2,10,1,0,252.66666666666663,0.26
15,3.2,0.16,2,11,2,2,1614.4,0.3399999999999999
5,3.25,0.25,1,4,2,0,-698.5,-0.17375
16,3.0,0.0,1,12,1,0,35.0,0.45
17,3.6666666666666665,0.1333333333333333,2,10,1,0,577.6666666666666,0.34
18,3.2857142857142856,0.1714285714285714,1,1,1,0,16.285714285714285,0.0742857142857142
19,3.555555555555556,0.1333333333333333,1,3,1,0,-11.0,-0.1999999999999999
3,3.0,0.1333333333333333,1,3,1,0,49.333333333333336,0.17
20,3.0,0.0,2,11,1,0,650.75,0.45
21,3.0,0.1333333333333333,2,9,0,0,720.5,0.0966666666666666
22,3.0,0.0666666666666666,1,1,1,0,156.66666666666666,0.3783333333333333
23,3.857142857142857,0.1714285714285714,3,13,4,0,187.28571428571428,0.0114285714285714
24,3.5,0.1166666666666666,3,6,4,0,592.1666666666666,0.3366666666666666
25,3.7142857142857135,0.2285714285714286,1,8,1,2,14.428571428571429,0.0985714285714285
26,3.0,0.2,1,8,1,0,28.5,0.01
27,3.0,0.2666666666666666,2,10,0,1,119.0,0.09
28,3.333333333333333,0.1333333333333333,3,14,1,1,28.0,0.2033333333333333
29,3.1666666666666665,0.0,1,3,1,0,58.16666666666666,0.46
30,3.8333333333333335,0.0,1,15,4,2,829.0,0.46
31,3.230769230769231,0.1384615384615384,3,6,1,0,400.38461538461536,0.3492307692307693
32,2.25,0.1,3,13,4,0,263.25,0.055
33,3.0,0.0666666666666666,3,14,1,0,-16.0,-0.1116666666666666
34,3.25,0.15,1,16,1,0,-7.375,-0.36
9,3.6,0.0,1,7,1,0,359.8,0.48
35,3.0,0.0,1,15,1,0,248.2,0.34
36,3.333333333333333,0.25,3,17,0,2,-634.0,-0.23
14,2.0,0.0,1,7,1,2,108.0,0.37
37,4.0,0.24,1,4,2,0,737.6,-0.0239999999999999
30,3.5,0.0,1,15,4,0,0.0,0.0
38,3.2,0.4,1,16,1,0,-31.6,-1.186
7,3.333333333333333,0.0888888888888888,1,3,1,0,172.11111111111111,0.2422222222222222
34,3.8333333333333335,0.4666666666666667,1,16,1,2,-279.6666666666667,-1.93
39,3.636363636363636,0.0,1,2,1,0,313.3636363636364,0.42
40,3.75,0.1,2,11,2,2,-76.25,-0.0374999999999999
21,3.333333333333333,0.2666666666666666,2,9,0,0,454.0,0.15
28,3.25,0.0,1,15,1,2,477.25,0.44
41,3.333333333333333,0.2666666666666666,1,4,2,0,370.3333333333333,-0.04
41,3.6666666666666665,0.0444444444444444,1,4,1,0,113.11111111111111,0.0977777777777777
42,2.888888888888889,0.0,1,15,1,0,206.11111111111111,0.48
18,3.230769230769231,0.0923076923076923,1,1,1,0,34.07692307692308,0.043076923076923
10,3.083333333333333,0.1666666666666666,1,8,1,0,-24.916666666666668,-0.19
26,3.7142857142857135,0.2285714285714286,1,8,1,0,-14.0,-0.1085714285714285
32,3.6,0.24,3,13,2,2,-62.0,-0.092
35,3.25,0.0,1,15,4,2,597.625,0.38
43,3.333333333333333,0.1333333333333333,2,9,0,0,1329.3333333333333,0.2533333333333333
44,2.0,0.0,2,5,1,2,173.66666666666666,0.12
31,3.6,0.0,1,12,1,0,100.4,0.48
10,3.1,0.08,1,8,1,0,53.5,0.288
45,3.0,0.1,2,5,0,0,47.5,-0.0725
46,3.4,0.2,1,4,0,0,-594.2,-0.16
47,1.0,0.2,1,16,1,2,-37.0,-0.08
9,1.0,0.0,1,7,1,2,23.0,0.06
14,3.0,0.0,2,10,0,1,726.3333333333334,0.26
35,3.25,0.0,1,12,1,2,97.5,0.5
48,3.5,0.0,1,2,1,0,112.5,0.43
49,2.0,0.1,3,13,4,2,-113.0,-0.0375
20,3.333333333333333,0.1333333333333333,2,11,4,0,1021.0,0.29
48,3.75,0.0,1,2,1,2,47.0,0.09
20,3.25,0.05,2,11,2,0,818.125,0.13375
22,3.571428571428572,0.1714285714285714,1,1,1,0,116.0,0.19
26,3.0,0.0571428571428571,1,8,1,0,29.571428571428573,0.08
50,3.2,0.0,1,12,1,2,14.2,0.17
16,3.75,0.0,1,12,1,2,30.25,0.21
31,3.333333333333333,0.0,1,12,1,0,31.33333333333333,0.14
4,3.5,0.1,1,1,1,2,35.75,0.1825
43,3.2857142857142856,0.0571428571428571,2,9,0,2,621.0,0.1014285714285714
51,3.0,0.1333333333333333,2,9,4,2,-39.333333333333336,-0.15
16,3.75,0.0,1,12,1,2,21.75,0.45
39,3.0,0.0,1,2,1,0,110.6,0.34
28,3.571428571428572,0.1714285714285714,3,14,1,0,0.4285714285714285,-0.0171428571428571
31,3.333333333333333,0.0,1,12,1,0,32.666666666666664,0.15
52,2.5,0.16,3,14,4,0,375.3,0.316
40,4.0,0.24,2,11,2,2,-1099.4,-0.2599999999999999
29,3.1538461538461537,0.0923076923076923,1,3,1,0,14.692307692307692,0.1223076923076923
52,2.875,0.0,1,15,1,2,178.25,0.28
42,3.571428571428572,0.0,1,15,1,0,452.4285714285714,0.43
42,4.0,0.0,1,15,1,2,340.3333333333333,0.44
53,3.4285714285714284,0.2857142857142857,1,1,1,0,-200.28571428571428,-0.3899999999999999
16,3.8333333333333335,0.2333333333333333,3,6,1,0,156.33333333333334,0.1516666666666666
25,3.0,0.16,1,8,1,0,138.2,0.202
39,2.75,0.0,1,2,1,0,99.25,0.1
38,3.142857142857143,0.2571428571428571,1,16,1,0,41.42857142857143,-0.1042857142857143
11,4.0,0.2,2,5,4,2,273.0,0.04
22,2.6666666666666665,0.1333333333333333,1,1,1,0,21.33333333333333,-0.1233333333333333
54,2.6666666666666665,0.0,1,4,1,0,204.33333333333331,0.31
22,2.6,0.16,1,1,1,0,139.0,0.354
19,3.555555555555556,0.1333333333333333,1,3,1,0,-19.33333333333333,-0.2233333333333333
52,3.375,0.1,3,14,1,0,-43.625,-0.1325
8,3.6,0.13,3,6,2,0,2273.5,0.323
16,3.4166666666666665,0.1999999999999999,3,6,1,0,-230.75,-0.2549999999999999
17,3.2,0.0,2,10,1,0,105.8,0.12
1,3.0,0.16,1,1,1,0,232.0,0.354
21,3.25,0.1,2,9,0,0,123.5,0.0675
55,3.0,0.0,1,7,1,0,22.8,0.05
56,3.0,0.16,1,3,1,0,35.0,0.302
5,2.5,0.0,1,4,0,2,58.0,0.02
15,3.5,0.2,2,11,1,2,203.75,0.185
57,3.4,0.08,2,10,0,2,981.2,0.3419999999999999
1,3.142857142857143,0.0571428571428571,1,1,1,0,193.7142857142857,0.19
47,3.2,0.36,1,16,1,2,-20.6,-0.8019999999999999
19,2.8,0.24,1,3,1,0,24.6,0.2599999999999999
45,2.333333333333333,0.2666666666666666,2,5,4,0,-340.3333333333333,-0.3599999999999999
2,3.0,0.0,1,2,1,0,39.333333333333336,0.0999999999999999
27,2.333333333333333,0.1333333333333333,2,10,4,0,768.0,0.3766666666666666
15,2.8,0.16,2,11,1,0,197.6,0.126
35,2.6666666666666665,0.0,1,15,4,0,263.1111111111111,0.08
48,2.7777777777777777,0.0,1,2,1,0,75.88888888888889,0.4600000000000001
22,2.7142857142857144,0.0571428571428571,1,1,1,2,87.85714285714286,0.19
50,3.142857142857143,0.2857142857142857,3,6,4,0,561.2857142857143,0.1857142857142857
57,3.6666666666666665,0.4000000000000001,2,10,1,0,-343.6666666666667,-0.62
12,3.2857142857142856,0.0571428571428571,2,9,4,0,922.7142857142856,0.3871428571428571
58,3.2,0.16,2,10,1,0,294.4,0.15
3,3.4444444444444446,0.2222222222222222,1,3,1,0,-151.55555555555554,-0.1922222222222222
50,2.5,0.0,1,12,1,0,28.75,0.12
19,3.636363636363636,0.1454545454545454,1,3,1,0,8.272727272727273,0.0445454545454545
19,2.9285714285714284,0.0571428571428571,1,3,1,0,50.42857142857143,0.0028571428571428
31,3.272727272727273,0.1,3,6,2,0,3170.6363636363635,0.3663636363636364
33,3.8,0.08,3,14,1,0,47.2,0.002
31,3.571428571428572,0.0,1,12,1,0,52.57142857142857,0.32
25,3.5,0.2,1,8,1,0,11.25,-0.095
59,3.4285714285714284,0.0571428571428571,3,13,2,0,-11.142857142857142,-0.0514285714285714
5,3.0,0.0,1,4,2,1,2072.0,0.36
28,2.1666666666666665,0.1333333333333333,3,14,1,0,96.66666666666669,0.1433333333333333
60,3.2857142857142856,0.0,1,2,1,0,1.7142857142857142,0.01
8,3.333333333333333,0.125,3,6,1,0,46.66666666666666,0.02
28,2.909090909090909,0.0,1,15,1,0,0.0,0.0
58,3.125,0.0,1,7,1,0,123.125,0.26
19,3.6,0.0,1,12,1,2,19.2,0.11
4,2.7777777777777777,0.1333333333333333,1,1,1,0,73.0,0.0833333333333333
28,3.6666666666666665,0.0666666666666666,3,14,1,0,107.66666666666669,0.1333333333333333
37,3.6666666666666665,0.1333333333333333,1,4,0,0,-320.5,-0.1366666666666667
31,3.4,0.04,3,6,2,2,3023.2,0.416
18,3.1666666666666665,0.0666666666666666,1,1,1,2,67.33333333333333,0.1116666666666666
20,3.6,0.16,2,11,1,0,267.8,0.2159999999999999
61,3.75,0.0,3,14,1,0,206.5,0.26
10,3.625,0.0,1,8,1,0,91.875,0.4349999999999999
40,3.4285714285714284,0.0,2,11,4,0,247.14285714285717,0.14
42,3.7142857142857135,0.0,1,15,1,0,159.71428571428572,0.29
27,3.125,0.15,2,10,1,0,25.875,0.00125
62,3.25,0.0,2,9,4,0,463.25,0.21
10,3.3846153846153846,0.1846153846153846,1,8,1,0,39.46153846153846,0.2738461538461538
55,3.1666666666666665,0.0,1,7,1,0,353.5,0.42
37,2.6,0.16,1,4,1,1,-51.6,-0.154
52,3.363636363636364,0.0,1,15,1,0,47.81818181818182,0.1899999999999999
41,3.1666666666666665,0.0666666666666666,1,4,2,2,1286.1666666666667,0.1333333333333333
44,2.5,0.2,2,5,4,1,-323.5,-0.32
63,2.833333333333333,0.2,2,11,4,2,238.66666666666663,0.16
52,3.2222222222222223,0.0888888888888888,3,14,1,0,162.66666666666666,0.1955555555555555
16,2.75,0.125,3,6,1,2,155.25,0.2825
29,2.6666666666666665,0.1333333333333333,1,3,1,0,65.0,0.2166666666666666
34,3.0,0.12,1,16,1,0,93.2,0.254
12,3.8333333333333335,0.0,2,9,4,0,617.0,0.29
35,3.0,0.0,1,12,1,0,55.5,0.44
39,3.6,0.0,1,2,1,0,43.8,0.12
29,3.636363636363636,0.1454545454545454,1,3,1,0,57.18181818181818,0.0545454545454545
64,4.0,0.425,3,17,2,0,-813.5,-0.135
57,3.0,0.0666666666666666,2,10,4,0,335.8333333333333,0.1783333333333333
65,3.0,0.425,3,17,2,2,-2492.0,-0.9
44,4.0,0.0,2,5,0,2,145.25,0.04
54,3.0,0.1333333333333333,1,4,1,0,164.33333333333334,0.1933333333333333
66,3.5,0.15,2,11,2,0,-527.5,-0.1012499999999999
25,3.75,0.2,1,8,1,0,59.25,0.185
39,3.6,0.0,1,2,1,2,19.4,0.07
10,3.0,0.0888888888888888,1,8,1,0,79.05555555555556,0.3677777777777777
29,3.2,0.32,1,3,1,2,-30.6,-0.38
21,3.6,0.16,2,9,0,0,1241.2,0.1879999999999999
15,3.333333333333333,0.0,2,11,4,2,907.0,0.43
58,3.8333333333333335,0.0,1,7,1,0,75.33333333333333,0.1999999999999999
26,2.4,0.16,1,8,1,2,-24.0,-0.154
2,4.0,0.0,1,2,1,0,580.0,0.44
44,3.2,0.08,2,5,4,0,803.2,0.4
34,3.2857142857142856,0.2857142857142857,1,16,1,0,-19.571428571428573,-0.53
4,2.6666666666666665,0.0,1,1,1,2,132.33333333333334,0.34
58,3.2857142857142856,0.1142857142857143,2,10,4,0,222.42857142857144,0.1428571428571428
65,3.25,0.55,3,17,2,0,-693.25,-0.1725
8,3.555555555555556,0.1777777777777777,3,6,2,0,661.5555555555555,0.0711111111111111
57,3.6666666666666665,0.2666666666666666,2,10,1,2,156.66666666666666,0.28
19,3.0,0.0,1,12,1,2,54.0,0.45
56,2.625,0.0,1,3,1,0,248.375,0.27
67,3.4285714285714284,0.0,1,7,1,0,341.57142857142856,0.48
15,3.2,0.08,2,11,2,0,6094.0,0.4
15,3.4,0.16,2,11,4,0,978.4,0.3399999999999999
4,3.5,0.2,1,1,1,0,-136.75,-0.2549999999999999
30,3.5,0.0,1,15,4,0,2327.0,0.48
28,3.2,0.0,1,15,1,0,97.4,0.32
19,2.857142857142857,0.1142857142857143,1,3,1,0,43.57142857142857,0.4028571428571428
56,3.333333333333333,0.0,1,3,1,2,45.0,0.26
58,3.6,0.16,2,10,1,0,-269.4,-0.192
14,3.0,0.0,2,10,1,0,48.5,0.08
53,3.571428571428572,0.0571428571428571,1,1,1,0,90.85714285714286,0.0685714285714285
58,3.6666666666666665,0.1777777777777777,2,10,1,0,227.44444444444449,0.13
16,3.0,0.0,1,12,1,0,15.8,0.12
68,3.6,0.2799999999999999,1,16,1,2,-83.6,-0.8540000000000001
4,3.75,0.05,1,1,1,0,102.375,0.2525
16,3.333333333333333,0.0,1,12,1,0,108.33333333333331,0.4699999999999999
37,3.0,0.0,1,4,2,2,2112.0,0.31
24,3.0,0.11,3,6,4,0,-257.4,-0.1329999999999999
27,2.6666666666666665,0.0,2,10,4,2,143.66666666666666,0.11
44,3.0,0.0,2,5,1,0,113.8,0.07
66,3.1666666666666665,0.0666666666666666,2,11,4,0,1168.0,0.3333333333333333
66,3.25,0.2,2,11,1,2,-56.0,-0.12
35,3.0,0.0,1,12,1,2,70.5,0.41
57,3.1666666666666665,0.0666666666666666,2,10,1,2,13.0,-0.0216666666666666
56,3.333333333333333,0.1333333333333333,1,3,1,0,1.3333333333333333,-0.0633333333333333
15,3.2857142857142856,0.0571428571428571,2,11,2,0,2739.285714285714,0.2657142857142857
16,2.7142857142857144,0.0,1,12,1,0,3.857142857142857,0.03
1,3.0,0.08,1,1,1,0,30.4,0.036
42,2.4545454545454546,0.0,1,15,1,0,402.6363636363636,0.35
59,3.6,0.24,3,13,0,2,-1005.2,-0.286
19,3.75,0.0,1,12,1,2,29.0,0.2
46,3.0,0.1333333333333333,1,4,2,0,530.3333333333334,-0.0399999999999999
33,3.4,0.24,1,8,1,0,-28.8,-0.244
56,3.2,0.2,1,3,1,0,-122.0,-0.295
63,4.0,0.1,2,11,4,2,600.25,0.3125
31,3.6,0.0,1,12,1,0,14.0,0.11
40,3.0,0.16,2,11,4,0,-141.6,-0.2019999999999999
9,3.25,0.0,1,7,1,0,56.25,0.11
42,3.4545454545454546,0.0,1,15,1,0,21.363636363636363,0.0199999999999999
45,3.0,0.4,2,5,0,0,-297.5,-0.17
19,3.0,0.0,1,12,1,2,31.0,0.18
4,3.4,0.08,1,1,1,0,19.2,-0.032
25,3.875,0.15,1,8,1,0,6.25,0.0112499999999999
44,2.5,0.0,2,5,0,1,988.5,0.4
58,3.375,0.1,2,10,1,0,-93.375,-0.1425
10,2.909090909090909,0.0363636363636363,1,8,1,0,96.1818181818182,0.4372727272727272
40,3.4,0.32,2,11,1,0,-335.8,-0.536
22,4.0,0.1,1,1,1,2,39.5,0.0675
13,3.142857142857143,0.0,1,2,1,0,57.42857142857143,0.06
24,2.6666666666666665,0.1777777777777777,3,6,4,0,-118.77777777777776,-0.2055555555555555
16,3.5,0.0,1,12,1,0,29.25,0.13
14,3.2,0.0,1,7,1,0,58.6,0.15
50,2.888888888888889,0.0777777777777777,3,6,1,0,233.0,0.2211111111111111
42,3.142857142857143,0.0,1,15,4,0,265.1428571428572,0.07
11,4.0,0.0,2,5,1,2,77.33333333333333,0.08
31,3.1818181818181817,0.1,3,6,4,0,482.8181818181818,0.2627272727272727
58,3.2,0.0,1,7,1,0,46.4,0.11
40,3.8333333333333335,0.2,2,11,1,0,616.5,0.295
63,3.75,0.2,2,11,1,2,170.5,0.0649999999999999
61,3.5,0.0666666666666666,3,14,1,0,78.5,0.0666666666666666
59,3.5,0.2,3,13,4,0,375.1,0.2249999999999999
2,3.8,0.0,1,2,1,0,145.6,0.36
10,3.7142857142857135,0.2285714285714286,1,8,1,0,36.0,0.0385714285714285
49,3.75,0.1,3,13,2,1,110.5,-0.085
24,3.4285714285714284,0.1142857142857143,3,6,4,0,-102.0,-0.1199999999999999
52,3.5,0.0,1,15,4,0,1347.5,0.39
1,3.066666666666667,0.08,1,1,1,0,-0.8666666666666667,-0.0659999999999999
17,2.6,0.16,2,10,0,0,173.2,-0.078
3,3.0,0.24,1,3,1,2,38.2,0.302
41,3.0,0.2666666666666666,1,4,0,2,458.3333333333333,0.1933333333333333
50,2.857142857142857,0.0714285714285714,3,6,4,0,-44.42857142857143,-0.0999999999999999
8,3.5454545454545454,0.1818181818181818,3,6,2,0,2352.5454545454545,0.3209090909090909
62,3.7142857142857135,0.2,2,9,4,0,-365.2857142857143,-0.2828571428571428
59,3.2,0.08,3,13,4,2,438.6,0.24
5,4.0,0.1333333333333333,1,4,2,0,957.6666666666666,0.0466666666666666
33,3.5454545454545454,0.1454545454545454,1,8,1,0,57.36363636363637,0.1663636363636363
42,3.7777777777777777,0.0,1,15,4,0,454.77777777777777,0.13
24,3.2857142857142856,0.1428571428571428,3,6,2,0,4044.428571428572,0.3528571428571428
28,3.333333333333333,0.0,1,15,1,0,78.11111111111111,0.21
35,3.2222222222222223,0.0,1,15,1,0,114.33333333333331,0.36
62,3.0,0.05,2,9,0,0,2358.75,0.3824999999999999
20,4.0,0.0,2,11,1,2,105.0,0.11
42,3.7,0.0,1,15,1,0,190.2,0.37
41,3.142857142857143,0.1142857142857143,1,4,2,0,-676.4285714285714,-0.1557142857142857
19,3.2857142857142856,0.0,1,12,1,0,7.428571428571429,0.04
20,3.1666666666666665,0.0666666666666666,2,11,4,0,-16.166666666666668,-0.0999999999999999
44,3.0,0.0,2,5,0,2,546.0,0.15
69,3.0,0.1333333333333333,3,14,1,0,145.66666666666666,0.3533333333333333
33,3.0,0.0666666666666666,3,14,1,0,273.8333333333333,0.2883333333333333
2,2.6666666666666665,0.0,1,2,1,0,303.0,0.42
31,3.5,0.2,3,6,4,0,152.125,0.0975
28,3.142857142857143,0.0,1,15,1,0,224.14285714285717,0.2599999999999999
24,3.6666666666666665,0.2222222222222222,3,6,1,0,-28.22222222222222,-0.0533333333333333
27,3.571428571428572,0.1714285714285714,2,10,1,0,-40.0,0.0357142857142857
7,3.333333333333333,0.2666666666666666,1,3,1,0,-6.888888888888889,-0.16
23,3.333333333333333,0.1333333333333333,3,13,4,0,-920.3333333333334,-0.0766666666666666
48,3.75,0.0,1,2,1,2,58.5,0.11
18,3.4285714285714284,0.0571428571428571,1,1,1,0,43.71428571428572,0.0257142857142857
50,3.6,0.0,1,12,1,0,24.8,0.15
50,3.142857142857143,0.1999999999999999,3,6,2,2,-870.4285714285714,-0.21
70,3.333333333333333,0.3666666666666667,1,16,1,0,-99.66666666666669,-1.163333333333333
49,3.333333333333333,0.0666666666666666,3,13,4,2,71.83333333333333,0.0116666666666666
14,3.25,0.0,1,7,1,0,95.0,0.24
28,3.6666666666666665,0.0,1,15,4,0,1738.6666666666667,0.5
23,3.6,0.0,3,13,4,0,1164.4,0.34
20,3.333333333333333,0.1333333333333333,2,11,2,0,1291.6666666666667,0.1066666666666666
61,3.0,0.0666666666666666,3,14,1,0,143.16666666666666,0.3216666666666667
58,2.5,0.0,1,7,1,0,227.83333333333331,0.49
9,3.8333333333333335,0.0,1,7,1,0,19.5,0.0499999999999999
53,3.8333333333333335,0.1333333333333333,1,1,1,0,-49.5,-0.15
71,4.0,0.32,3,17,3,0,-2245.4,-0.256
46,3.0,0.1333333333333333,1,4,0,0,-221.83333333333331,-0.0766666666666666
63,3.2,0.08,2,11,4,0,418.0,0.048
14,3.5,0.0,1,7,1,0,123.5,0.28
43,3.333333333333333,0.1333333333333333,2,9,0,0,1673.0,0.01
57,3.75,0.2,2,10,1,0,-143.5,-0.215
8,2.75,0.1,3,6,1,0,0.75,-0.1199999999999999
58,3.6666666666666665,0.0,1,7,1,0,111.5,0.3599999999999999
7,3.6666666666666665,0.1333333333333333,1,3,1,2,8.666666666666666,0.0933333333333333
26,3.5,0.2,1,8,1,0,-75.0,-0.2799999999999999
32,3.2222222222222223,0.1333333333333333,3,13,4,0,80.55555555555556,-0.0766666666666666
5,3.333333333333333,0.2666666666666666,1,4,1,2,-62.0,-0.3166666666666667
66,3.8333333333333335,0.2,2,11,1,0,90.66666666666669,-0.015
8,3.0,0.1333333333333333,3,13,4,2,339.6666666666667,0.0333333333333333
45,2.6666666666666665,0.1333333333333333,2,5,0,2,112.33333333333331,-0.0633333333333333
7,3.4444444444444446,0.0888888888888888,1,3,1,0,28.444444444444443,0.0577777777777777
52,3.555555555555556,0.1777777777777777,3,14,1,0,337.77777777777777,0.3
23,3.4,0.08,3,13,4,2,307.6,0.06
10,3.2142857142857144,0.1428571428571428,1,8,1,0,28.357142857142858,0.0657142857142857
1,3.333333333333333,0.1333333333333333,1,1,1,0,-16.88888888888889,-0.1133333333333333
66,3.3,0.04,2,11,1,0,491.7,0.307
7,3.6,0.12,1,3,1,0,32.2,0.208
47,3.0,0.25,1,16,1,0,-76.75,-0.8375
23,4.0,0.1,3,13,4,0,513.75,0.1375
23,3.5,0.1333333333333333,3,13,4,0,-380.6666666666667,-0.21
7,3.1666666666666665,0.2666666666666666,1,3,1,0,-19.666666666666668,-0.17
43,3.4,0.04,2,9,4,2,282.8,0.118
68,3.0,0.0666666666666666,1,16,1,2,127.0,0.1966666666666666
30,3.0,0.0,1,15,1,2,239.14285714285717,0.27
2,3.4,0.0,1,2,1,0,205.1,0.5
10,2.6666666666666665,0.1333333333333333,1,8,1,0,-1.3333333333333333,-0.0466666666666666
19,3.857142857142857,0.1714285714285714,1,3,1,0,236.28571428571428,0.1757142857142856
48,3.625,0.0,1,2,1,0,9.25,0.08
13,3.4,0.0,1,2,1,0,22.6,0.1
45,4.0,0.2666666666666666,2,5,4,0,-350.0,-0.1533333333333333
16,2.833333333333333,0.2,3,6,4,0,-32.333333333333336,-0.225
29,2.9285714285714284,0.1428571428571428,1,3,1,0,145.64285714285714,0.3314285714285714
28,3.5,0.0,1,15,1,0,242.1,0.25
57,3.333333333333333,0.1333333333333333,2,10,1,0,302.3333333333333,0.17
3,3.4444444444444446,0.1333333333333333,1,3,1,0,30.55555555555556,0.0833333333333333
10,3.25,0.15,1,8,1,0,41.75,0.20875
14,3.0,0.0,1,7,1,0,38.142857142857146,0.11
28,3.4,0.16,3,14,1,2,169.2,0.24
25,3.5,0.1333333333333333,1,8,1,0,47.833333333333336,0.12
53,3.1666666666666665,0.0,1,1,1,2,305.0,0.48
24,3.857142857142857,0.1285714285714286,3,6,1,2,-20.0,-0.0371428571428571
3,3.6666666666666665,0.0666666666666666,1,3,1,0,-7.333333333333333,-0.0666666666666666
33,3.875,0.1,3,14,4,0,400.0,0.2175
29,3.25,0.0,1,3,1,2,8.25,0.11
42,2.5,0.0,1,15,1,2,144.0,0.28
8,3.333333333333333,0.2666666666666666,3,6,4,1,149.33333333333334,0.1066666666666666
50,3.4,0.0,1,12,1,2,30.0,0.2
5,3.875,0.3,1,4,0,0,97.75,-0.0349999999999999
59,4.0,0.2666666666666666,3,13,4,2,-91.0,-0.1433333333333333
8,3.583333333333333,0.1833333333333333,3,6,1,0,-15.583333333333334,-0.0116666666666666
3,3.6666666666666665,0.1333333333333333,1,3,1,0,275.5,0.3766666666666666
31,3.625,0.3,3,6,1,0,101.0,0.0374999999999999
34,3.333333333333333,0.3,1,16,1,0,-2.333333333333333,-0.6633333333333334
41,3.5,0.1,1,4,0,0,609.0,0.055
54,3.1,0.16,1,4,2,0,1759.4,0.24
10,3.25,0.25,1,8,1,0,2.875,-0.0775
39,3.25,0.0,1,2,1,0,256.25,0.43
57,3.0,0.1714285714285714,2,10,0,0,787.4285714285714,0.19
20,3.0,0.1333333333333333,2,11,2,0,-910.8333333333334,-0.0266666666666666
48,4.0,0.0,1,2,1,0,133.0,0.25
62,4.0,0.1,2,9,0,2,-286.25,-0.1324999999999999
57,3.4444444444444446,0.0888888888888888,2,10,1,0,26.55555555555556,0.0011111111111111
29,3.3,0.08,1,3,1,0,13.7,0.0699999999999999
28,3.25,0.2,3,14,4,0,-600.5,-0.255
70,3.4,0.52,1,16,1,2,-281.2,-2.382
34,3.6666666666666665,0.2333333333333333,1,16,1,0,-23.33333333333333,-0.5766666666666667
3,3.4,0.0,1,3,1,0,245.2,0.31
35,2.9,0.0,1,15,4,0,1448.1,0.4600000000000001
5,3.0,0.0666666666666666,1,4,4,0,834.1666666666666,0.3216666666666667
56,2.5,0.0,1,3,1,2,2.5,0.01
53,3.375,0.25,1,1,1,0,-25.375,-0.20625
27,2.75,0.2,2,10,0,0,-346.5,-0.065
3,3.1,0.04,1,3,1,0,59.6,0.147
21,3.2857142857142856,0.0571428571428571,2,9,4,0,642.5714285714286,0.1242857142857143
40,3.25,0.0,2,11,2,2,304.0,0.04
57,3.25,0.1,2,10,1,0,41.5,0.1025
72,3.5,0.4,2,5,1,0,-185.0,-0.27
50,2.8,0.16,3,6,2,0,2237.8,0.216
15,3.2,0.0,2,11,4,1,57.4,0.05
51,2.25,0.0,2,9,0,2,991.5,0.3
15,4.0,0.1,2,11,4,0,-195.5,-0.1199999999999999
10,3.6,0.12,1,8,1,0,6.5,-0.0239999999999999
25,3.571428571428572,0.2285714285714286,1,8,1,0,40.142857142857146,0.1299999999999999
23,2.75,0.05,3,13,4,0,463.75,0.06875
14,3.0,0.0,1,7,1,2,256.5,0.44
8,3.090909090909091,0.1,3,6,4,0,144.27272727272728,0.0336363636363636
33,3.1666666666666665,0.0666666666666666,1,8,1,0,30.666666666666668,0.2116666666666666
59,3.5,0.2,3,13,4,0,645.3333333333334,0.265
21,3.75,0.0,2,9,4,0,872.0,0.28
9,3.6,0.0,1,7,1,2,29.6,0.16
15,4.0,0.1,2,11,1,2,153.25,0.1825
33,3.25,0.25,1,8,1,0,19.875,0.0225
29,2.5,0.15,1,3,1,0,40.0,0.2225
42,3.3,0.0,1,15,1,0,184.0,0.1699999999999999
68,3.0,0.05,1,16,1,2,59.75,0.16
50,3.25,0.0916666666666666,3,6,4,0,821.25,0.2133333333333333
68,3.5,0.1999999999999999,1,16,1,0,108.0,0.0366666666666666
43,3.8,0.08,2,9,0,0,1910.4,0.32
69,4.0,0.0,3,14,1,0,401.0,0.47
8,3.363636363636364,0.1818181818181818,3,13,0,0,826.3636363636364,-0.0409090909090909
50,4.0,0.6,3,17,2,2,-3571.0,-1.2
52,3.4,0.08,3,14,1,2,41.6,0.06
29,3.25,0.1,1,3,1,0,56.25,0.2175
50,4.0,0.5,3,17,2,0,-798.0,-0.275
54,3.0,0.0,1,4,1,0,401.3333333333333,0.34
7,3.2,0.12,1,3,1,0,32.0,0.146
43,3.1666666666666665,0.0,2,9,4,2,841.5,0.3799999999999999
43,3.333333333333333,0.1333333333333333,2,9,4,0,-307.0,-0.1666666666666666
33,4.0,0.1142857142857143,1,8,1,0,30.142857142857142,0.1557142857142857
58,3.857142857142857,0.0,1,7,1,0,193.14285714285717,0.21
33,3.7142857142857135,0.1142857142857143,1,8,1,0,47.71428571428572,0.1171428571428571
39,3.6666666666666665,0.0,1,2,1,0,405.6666666666667,0.33
45,3.0,0.0,2,5,0,0,2028.125,0.36
3,3.0,0.15,1,3,1,0,67.75,0.1987499999999999
32,3.6666666666666665,0.0666666666666666,3,13,0,0,2251.1666666666665,0.3333333333333333
13,3.4444444444444446,0.0,1,2,1,0,47.333333333333336,0.27
7,3.2,0.12,1,3,1,0,264.1,0.352
31,3.333333333333333,0.1083333333333333,3,6,2,0,923.0,0.0475
58,4.0,0.1,2,10,1,2,329.25,0.4175
62,3.75,0.15,2,9,4,0,762.875,0.31125
52,3.4444444444444446,0.0,1,15,1,0,49.44444444444444,0.08
69,3.333333333333333,0.0666666666666666,3,14,4,0,-30.33333333333333,-0.0449999999999999
17,2.833333333333333,0.2666666666666666,2,10,1,0,-55.833333333333336,-0.1966666666666666
13,2.6666666666666665,0.0,1,2,1,0,363.3333333333333,0.5
22,2.25,0.0,1,1,1,2,3.25,0.01
71,3.5,0.25,3,17,0,2,-309.5,-0.09
56,3.333333333333333,0.1333333333333333,1,3,1,0,163.55555555555554,0.1566666666666666
2,2.875,0.0,1,2,1,0,37.375,0.07
22,3.5,0.0,1,1,1,0,19.5,0.02
55,3.555555555555556,0.0,1,7,1,0,72.0,0.28
17,3.5,0.1333333333333333,2,10,1,0,-65.16666666666667,-0.0866666666666666
42,3.6666666666666665,0.0,1,15,1,0,290.0,0.3
52,3.0,0.16,3,14,1,0,67.0,0.074
69,3.2,0.16,3,14,1,2,37.0,0.026
70,3.6,0.64,1,16,1,0,-277.0,-2.7380000000000004
50,3.4,0.0,1,12,1,0,34.8,0.22
44,3.5,0.1333333333333333,2,5,4,0,512.6666666666666,0.2066666666666666
33,3.4615384615384617,0.0615384615384615,3,14,1,0,63.53846153846154,0.1184615384615384
58,3.571428571428572,0.0,2,10,4,0,352.0,0.1899999999999999
18,3.6666666666666665,0.1333333333333333,1,1,1,0,260.0,0.3166666666666666
54,3.0,0.16,1,4,0,0,698.2,0.1879999999999999
10,3.272727272727273,0.1454545454545454,1,8,1,0,71.72727272727273,0.169090909090909
9,3.0,0.0,1,7,1,0,113.16666666666669,0.43
13,2.6,0.0,1,2,1,0,73.0,0.28
51,3.2,0.16,2,9,0,0,872.8,0.202
53,3.75,0.1,1,1,1,2,-51.0,-0.12
60,3.125,0.0,1,2,1,0,45.25,0.15
16,3.6,0.26,3,6,1,0,-236.0,-0.366
30,3.857142857142857,0.0,1,15,1,0,333.57142857142856,0.23
52,4.0,0.08,3,14,1,0,47.2,0.026
31,2.333333333333333,0.0,1,12,1,0,143.5,0.35
38,3.6666666666666665,0.3333333333333333,1,16,1,0,-43.833333333333336,-0.8133333333333335
61,2.888888888888889,0.1777777777777777,3,14,1,0,224.22222222222223,0.2755555555555555
48,3.1666666666666665,0.0,1,2,1,2,116.16666666666669,0.22
8,3.2857142857142856,0.0285714285714285,3,6,1,0,367.1428571428572,0.37
16,3.4285714285714284,0.1,3,6,1,0,328.2857142857143,0.3942857142857142
67,3.2,0.0,1,7,1,2,131.4,0.5
50,3.5,0.0,1,12,1,2,60.0,0.3
39,3.0,0.0,1,2,1,1,25.5,0.44
20,3.4444444444444446,0.1777777777777777,2,11,4,0,-177.44444444444446,-0.1033333333333333
27,3.333333333333333,0.1333333333333333,2,10,1,0,93.66666666666669,0.2166666666666666
19,3.4,0.0,1,12,1,2,18.2,0.11
46,3.75,0.2,1,4,2,2,-1057.5,-0.335
70,3.857142857142857,0.0571428571428571,1,16,1,0,-4.857142857142857,-0.0185714285714285
14,3.6,0.16,2,10,1,0,-53.4,-0.078
46,3.0,0.1333333333333333,1,4,4,0,1021.0,0.34
49,3.0,0.1142857142857143,3,13,4,2,795.1428571428571,0.4057142857142857
8,3.4,0.0,3,13,0,0,599.4,0.11
12,3.571428571428572,0.1142857142857143,2,9,0,0,-1164.571428571429,-0.1657142857142857
70,3.333333333333333,0.3999999999999999,1,16,1,2,9.0,-0.4566666666666666
28,2.5,0.0666666666666666,3,14,1,0,207.16666666666663,0.4216666666666666
31,3.6,0.0,1,12,1,2,1.0,0.01
17,3.5,0.0,2,10,1,2,157.5,0.31
43,2.625,0.2,2,9,0,0,1151.5,0.175
50,3.111111111111111,0.2333333333333333,3,6,1,0,-40.44444444444444,-0.1611111111111111
60,3.333333333333333,0.0,1,2,1,0,46.5,0.1999999999999999
24,3.75,0.1125,3,6,1,0,471.625,0.3749999999999999
17,3.2857142857142856,0.1142857142857143,2,10,4,2,250.14285714285717,0.1785714285714285
31,3.625,0.0,1,12,1,0,20.0,0.1
43,2.8,0.0,2,9,4,0,852.6,0.4
51,3.125,0.225,2,9,4,0,182.5,0.05875
8,3.2,0.18,3,6,4,0,-344.8,-0.198
44,3.5,0.0,2,5,1,0,239.83333333333331,0.25
66,3.571428571428572,0.1142857142857143,2,11,1,0,-9.857142857142858,-0.1299999999999999
28,3.0,0.0,1,15,4,0,361.8,0.1699999999999999
2,3.6,0.0,1,2,1,0,448.1,0.41
57,3.8,0.24,2,10,1,0,430.0,0.218
50,3.0,0.6,3,17,0,0,-4355.0,-1.05
55,2.857142857142857,0.0,1,7,1,0,5.428571428571429,0.01
46,3.625,0.05,1,4,4,0,320.75,0.3175
70,3.5,0.325,1,16,1,0,-18.25,-1.025
8,3.2,0.16,3,13,2,0,326.8,-0.0779999999999999
2,3.5384615384615383,0.0,1,2,1,0,11.615384615384617,0.05
43,3.2857142857142856,0.0571428571428571,2,9,0,0,907.2857142857144,0.2114285714285714
49,3.7142857142857135,0.0571428571428571,3,13,0,0,1385.428571428571,0.2114285714285714
22,3.363636363636364,0.1090909090909091,1,1,1,0,162.72727272727272,0.2327272727272727
60,2.6666666666666665,0.0,1,2,1,0,86.0,0.17
66,3.8333333333333335,0.2666666666666666,2,11,4,0,-373.6666666666667,-0.3433333333333333
11,3.0,0.2,2,5,0,0,-481.0,-0.295
24,3.230769230769231,0.1923076923076923,3,6,4,0,-95.84615384615384,-0.1307692307692307
56,3.1666666666666665,0.0666666666666666,1,3,1,0,77.83333333333333,0.145
14,3.5,0.2,2,10,4,2,-210.0,-0.335
19,3.0,0.0,1,12,1,2,21.666666666666668,0.12
66,2.857142857142857,0.0571428571428571,2,11,4,0,1136.857142857143,0.43
26,3.5,0.1,1,8,1,2,16.75,-0.0274999999999999
29,3.625,0.15,1,3,1,0,131.75,0.2875
37,3.1666666666666665,0.2,1,4,2,0,598.3333333333334,-0.055
17,2.833333333333333,0.2,2,10,1,0,100.83333333333331,0.2249999999999999
52,2.5,0.2,3,14,1,2,-76.25,-0.295
28,3.5,0.0,1,15,1,0,173.4,0.4699999999999999
24,3.6666666666666665,0.0666666666666666,3,6,4,0,1171.5,0.3666666666666667
58,3.6,0.0,2,10,4,0,796.0,0.38
9,4.0,0.0,1,7,1,2,134.0,0.46
19,3.25,0.15,1,3,1,0,20.0,0.32125
3,2.2857142857142856,0.2285714285714286,1,3,1,0,-11.0,-0.2328571428571428
56,4.0,0.0666666666666666,1,3,1,0,33.666666666666664,0.1
64,4.0,0.25,3,17,3,2,1101.0,0.12
1,2.333333333333333,0.1333333333333333,1,1,1,0,203.0,0.2799999999999999
58,2.5,0.0,1,7,1,2,48.0,0.12
8,3.0,0.0,3,13,4,2,724.8,0.4600000000000001
14,3.333333333333333,0.0,1,7,1,0,156.0,0.26
35,3.0,0.0,1,15,1,0,25.0,0.22
11,3.333333333333333,0.1333333333333333,2,5,4,0,568.5,0.0466666666666666
16,4.0,0.2,3,6,4,2,-384.0,-0.225
47,3.0,0.0,1,16,1,0,334.0,0.2
14,3.333333333333333,0.0,1,7,1,0,272.0,0.23
45,3.6,0.0,2,5,4,2,1123.2,0.4600000000000001
44,3.5,0.1333333333333333,2,5,0,0,-199.5,-0.0766666666666666
14,4.0,0.0,1,7,1,0,90.2,0.1
72,3.333333333333333,0.1333333333333333,2,5,0,2,627.0,0.18
46,3.0,0.1333333333333333,1,4,2,2,653.6666666666666,0.12
19,3.125,0.0,1,12,1,0,2.625,0.02
30,3.1666666666666665,0.0,1,15,4,0,53.0,0.02
20,3.333333333333333,0.1333333333333333,2,11,1,0,11.444444444444445,-0.1
63,3.5,0.0,2,11,1,0,481.0,0.31
45,3.6666666666666665,0.1333333333333333,2,5,1,0,37.0,-0.04
19,3.6,0.0,1,12,1,2,29.4,0.28
52,3.5,0.0,1,15,1,0,167.66666666666666,0.3999999999999999
52,3.2857142857142856,0.0,1,15,1,0,380.57142857142856,0.45
54,2.8,0.16,1,4,1,0,-64.2,-0.178
58,3.8333333333333335,0.0666666666666666,2,10,1,0,131.66666666666666,0.1216666666666666
72,3.6666666666666665,0.0,2,5,0,0,1570.0,0.19
52,3.142857142857143,0.1142857142857143,3,14,1,2,7.285714285714286,-0.0714285714285714
31,3.571428571428572,0.1142857142857143,3,6,4,0,-102.14285714285714,-0.0485714285714285
70,3.0,0.36,1,16,1,2,-132.0,-1.412
28,3.333333333333333,0.0,1,15,4,0,658.3333333333334,0.37
25,3.142857142857143,0.1142857142857143,1,8,1,0,-16.857142857142858,-0.0257142857142857
16,3.25,0.0,1,12,1,0,0.0,0.0
70,3.0,0.1,1,16,1,0,229.0,0.325
14,3.6,0.0,2,10,0,0,167.4,0.05
55,3.333333333333333,0.0,1,7,1,0,40.0,0.16
16,2.875,0.2125,3,6,2,0,477.75,0.15125
72,4.0,0.2,2,5,4,0,1517.5,0.32
8,2.75,0.15,3,13,4,0,659.25,0.2125
18,3.25,0.2,1,1,1,0,121.125,0.0549999999999999
16,3.0,0.0,1,12,1,1,9.0,0.15
21,3.0,0.0,2,9,0,0,1657.0,0.17
35,3.0,0.0,1,12,1,0,10.444444444444445,0.06
58,3.5,0.0,1,7,1,0,74.5,0.13
56,3.4444444444444446,0.0888888888888888,1,3,1,0,194.77777777777777,0.2888888888888889
39,3.4285714285714284,0.0,1,2,1,0,56.71428571428572,0.1999999999999999
19,3.1666666666666665,0.1,1,3,1,0,-19.166666666666668,-0.1074999999999999
8,3.0,0.175,3,6,1,0,323.125,0.31
8,3.333333333333333,0.1111111111111111,3,6,1,0,-149.77777777777777,-0.1022222222222222
68,3.5,0.2,1,16,1,2,48.5,-0.5999999999999999
63,3.6666666666666665,0.1333333333333333,2,11,4,0,174.16666666666666,0.06
17,3.2,0.16,2,10,0,0,1127.4,0.354
5,3.0,0.2,1,4,2,0,-716.25,-0.095
59,3.5,0.4,3,13,2,2,-867.0,-0.3
58,2.7142857142857144,0.0,1,7,1,0,282.7142857142857,0.3
31,3.0,0.0,1,12,1,2,19.33333333333333,0.15
23,3.4285714285714284,0.1142857142857143,3,13,0,0,2046.857142857143,0.3214285714285714
65,4.0,0.4666666666666666,3,17,0,1,-270.3333333333333,-0.2633333333333333
67,3.7142857142857135,0.0,1,7,1,0,115.85714285714286,0.32
38,3.75,0.45,1,16,1,0,-167.75,-1.45
10,3.7,0.04,1,8,1,0,77.3,0.288
16,4.0,0.0,1,12,1,0,63.2,0.34
18,3.5,0.0,1,1,1,0,47.66666666666666,0.11
34,3.8,0.2,1,16,1,2,55.4,-0.276
60,3.333333333333333,0.0,1,2,1,2,92.0,0.16
52,3.5,0.0,1,15,4,0,731.1666666666666,0.25
21,4.0,0.08,2,9,0,2,-24.0,-0.088
40,4.0,0.2,2,11,4,1,272.0,0.28
23,3.615384615384616,0.1846153846153846,3,13,4,0,1408.6153846153843,0.24
13,3.0,0.0,1,2,1,0,197.6,0.45
12,3.0,0.24,2,9,0,0,1936.2,0.144
60,3.375,0.0,1,2,1,0,171.0,0.48
53,3.0,0.2,1,1,1,2,-46.5,-0.2
56,3.0,0.08,1,3,1,0,2.0,0.048
24,3.2857142857142856,0.0857142857142857,3,6,1,2,202.42857142857144,0.2328571428571428
28,3.4285714285714284,0.0,1,15,4,0,1973.142857142857,0.5
16,3.555555555555556,0.1444444444444444,3,6,4,0,41.22222222222222,1.2335811384723961e-17
48,4.0,0.0,1,2,1,0,222.6,0.22
35,2.833333333333333,0.0,1,12,1,0,92.66666666666669,0.3799999999999999
20,3.4444444444444446,0.2222222222222222,2,11,4,0,25.33333333333333,-0.1355555555555555
13,2.6,0.0,1,2,1,0,22.8,0.03
23,3.5,0.1333333333333333,3,13,4,0,379.5,0.1066666666666666
32,2.6666666666666665,0.0,3,13,4,0,483.3333333333333,0.18
70,2.6666666666666665,0.3666666666666667,1,16,1,0,-19.666666666666668,-0.7266666666666666
45,3.0,0.2,2,5,1,2,109.5,0.12
22,3.333333333333333,0.1333333333333333,1,1,1,0,-36.44444444444444,-0.0766666666666666
60,3.2,0.0,1,2,1,0,86.4,0.18
65,4.0,0.325,3,17,2,0,1524.5,0.13
53,2.8,0.0,1,1,1,0,83.0,0.13
29,3.6666666666666665,0.0666666666666666,1,3,1,0,17.0,-0.0216666666666666
46,3.0,0.0666666666666666,1,4,1,0,542.5,0.4216666666666666
37,4.0,0.16,1,4,0,2,-690.2,-0.2019999999999999
46,4.0,0.24,1,4,1,0,-111.2,-0.092
19,3.0,0.2666666666666666,1,3,1,2,23.0,0.2466666666666666
62,3.1666666666666665,0.2,2,9,0,2,693.3333333333334,0.1849999999999999
57,2.625,0.05,2,10,4,0,587.75,0.285
56,3.25,0.1333333333333333,1,3,1,0,88.91666666666667,0.06
34,3.857142857142857,0.3999999999999999,1,16,1,2,-87.14285714285714,-1.758571428571429
31,3.6666666666666665,0.0,1,12,1,0,4.166666666666667,0.02
17,2.5,0.1,2,10,1,0,140.0,0.2875
19,3.5,0.0,1,12,1,0,84.5,0.3
4,4.0,0.08,1,1,1,0,352.2,0.422
42,3.2,0.0,1,15,4,0,31.5,0.0099999999999999
47,2.0,0.8,1,16,1,2,-74.0,-2.61
47,3.25,0.425,1,16,1,0,-22.5,-1.1525
33,3.5,0.0666666666666666,1,8,1,2,31.5,0.1216666666666666
62,3.6,0.24,2,9,0,0,-438.2,-0.2339999999999999
16,3.6666666666666665,0.0,1,12,1,0,63.333333333333336,0.42
62,3.0,0.05,2,9,4,0,973.5,0.26375
14,3.6666666666666665,0.0,2,10,1,0,544.6666666666666,0.34
7,3.142857142857143,0.0571428571428571,1,3,1,2,23.0,0.1014285714285714
50,3.4,0.17,3,6,4,0,-45.9,-0.1259999999999999
28,3.142857142857143,0.1142857142857143,3,14,1,2,102.85714285714286,0.0714285714285714
48,3.5,0.0,1,2,1,0,368.6666666666667,0.3599999999999999
33,3.0,0.08,3,14,1,0,194.2,0.24
49,3.625,0.1,3,13,4,0,45.0,-0.0375
5,3.0,0.0571428571428571,1,4,1,0,51.71428571428572,0.0585714285714285
67,3.0,0.0,1,7,1,0,21.0,0.08
42,3.8,0.0,1,15,1,0,70.4,0.11
34,3.5,0.25,1,16,1,0,-166.5,-0.65
8,4.0,0.0,3,13,4,0,848.0,0.12
63,2.4444444444444446,0.0888888888888888,2,11,2,0,1431.3333333333333,0.0922222222222222
35,3.8,0.0,1,12,1,0,47.0,0.21
39,4.0,0.0,1,2,1,1,100.0,0.38
6,4.0,0.2666666666666666,2,5,4,2,326.8333333333333,0.1933333333333333
20,3.8333333333333335,0.1333333333333333,2,11,4,0,467.6666666666667,0.2166666666666666
34,3.5,0.3666666666666667,1,16,1,0,-174.83333333333334,-1.2616666666666667
37,3.0,0.2,1,4,1,0,-43.5,-0.065
50,3.6666666666666665,0.0,1,12,1,2,36.5,0.3
50,3.8333333333333335,0.0,1,12,1,0,105.66666666666669,0.4699999999999999
37,3.0,0.1333333333333333,1,4,1,0,93.16666666666669,0.0466666666666666
33,3.4444444444444446,0.1333333333333333,3,14,1,0,196.0,0.2066666666666666
24,3.1666666666666665,0.15,3,6,2,0,708.8333333333334,0.1949999999999999
56,3.5,0.15,1,3,1,0,54.25,0.1099999999999999
48,3.555555555555556,0.0,1,2,1,0,40.0,0.1
5,3.555555555555556,0.0888888888888888,1,4,2,0,3658.8888888888887,0.2988888888888888
31,2.5,0.05,3,6,1,0,399.625,0.2312499999999999
48,2.5,0.0,1,2,1,2,65.5,0.2800000000000001
47,3.6666666666666665,0.4333333333333333,1,16,1,0,-87.83333333333333,-1.53
59,3.0,0.1,3,13,4,2,149.75,0.09
41,2.5,0.2,1,4,2,0,2787.5,0.175
4,3.142857142857143,0.0571428571428571,1,1,1,0,113.85714285714286,0.4528571428571428
36,3.6666666666666665,0.35,3,17,2,2,-378.0,-0.2133333333333333
16,3.625,0.1375,3,6,1,0,293.375,0.20375
50,3.6,0.21,3,6,4,0,171.2,0.0069999999999999
33,3.5,0.1333333333333333,3,14,1,2,158.0,0.1566666666666666
55,3.6666666666666665,0.0,1,7,1,2,52.5,0.22
38,3.75,0.5,1,16,1,2,-30.5,-1.405
24,3.2857142857142856,0.0714285714285714,3,6,1,2,195.7142857142857,0.1671428571428571
33,3.2857142857142856,0.1142857142857143,1,8,1,0,-42.0,-0.1785714285714285
56,3.5,0.1999999999999999,1,3,1,0,31.166666666666668,0.28
16,3.125,0.0,1,12,1,0,86.25,0.45
61,3.0,0.0,3,14,1,0,120.6,0.32
68,3.6666666666666665,0.2,1,16,1,0,81.33333333333333,-0.2433333333333333
24,2.9,0.1399999999999999,3,6,2,2,-716.1,-0.223
9,2.333333333333333,0.0,1,7,1,0,470.3333333333333,0.48
51,3.6,0.12,2,9,4,2,-202.6,-0.148
40,2.75,0.15,2,11,1,0,-108.875,-0.1999999999999999
67,4.0,0.0,1,7,1,2,393.0,0.49
19,3.5,0.12,1,3,1,0,79.5,0.2309999999999999
58,4.0,0.2666666666666666,2,10,0,0,-0.3333333333333333,-0.0133333333333333
35,3.1666666666666665,0.0,1,15,1,0,3.6666666666666665,0.02
46,3.6,0.16,1,4,2,2,39.4,-0.164
40,2.4285714285714284,0.1714285714285714,2,11,1,0,288.0,0.0742857142857143
25,3.5,0.1,1,8,1,2,31.0,0.135
14,2.75,0.2,2,10,4,0,414.25,0.1599999999999999
5,3.75,0.0,1,4,0,0,2608.5,0.29
24,3.142857142857143,0.1142857142857143,3,6,4,0,-25.285714285714285,-0.0792857142857142
28,4.0,0.0,1,15,1,0,475.0,0.49
23,2.6666666666666665,0.0,3,13,2,0,3918.0,0.32
14,2.0,0.0,2,10,1,2,264.0,0.34
20,2.8,0.16,2,11,1,0,-60.8,-0.1259999999999999
24,2.571428571428572,0.1428571428571428,3,6,1,0,286.2857142857143,0.3271428571428571
14,3.6,0.0,1,7,1,0,147.6,0.23
52,3.25,0.0,1,15,1,2,85.75,0.46
9,4.0,0.0,1,7,1,2,233.33333333333331,0.3699999999999999
66,3.25,0.1,2,11,4,0,439.25,0.1375
47,2.857142857142857,0.3428571428571429,1,16,1,0,-27.428571428571427,-1.3614285714285717
59,2.833333333333333,0.0666666666666666,3,13,4,0,337.3333333333333,0.1116666666666666
13,2.857142857142857,0.0,1,2,1,2,188.0,0.29
58,3.333333333333333,0.0666666666666666,2,10,1,0,92.66666666666669,0.0333333333333333
28,3.4444444444444446,0.0888888888888888,3,14,1,0,314.0,0.4144444444444445
68,3.8,0.36,1,16,1,0,37.2,-0.51
14,4.0,0.0,1,7,1,0,58.0,0.15
41,3.0,0.1333333333333333,1,4,1,0,30.666666666666668,-0.1133333333333333
52,3.5,0.0,1,15,1,0,95.08333333333331,0.3199999999999999
14,3.6666666666666665,0.1333333333333333,2,10,4,0,151.33333333333334,0.0233333333333333
34,4.0,0.4,1,16,1,1,-78.5,-1.07
69,3.5,0.0,3,14,4,0,1410.5,0.5
28,3.0,0.0,1,15,1,2,11.5,0.03
49,3.0,0.0444444444444444,3,13,2,2,1280.111111111111,0.2266666666666666
13,3.6,0.0,1,2,1,0,196.6,0.4699999999999999
33,3.5,0.1333333333333333,3,14,1,0,39.0,-0.0266666666666666
46,4.0,0.0,1,4,1,2,95.0,0.11
4,2.6666666666666665,0.1333333333333333,1,1,1,0,433.8333333333333,0.3266666666666666
52,3.5,0.0,1,15,4,0,285.125,0.08
35,3.571428571428572,0.0,1,15,4,0,701.1428571428571,0.23
52,3.571428571428572,0.1714285714285714,3,14,1,0,209.28571428571428,0.2428571428571428
40,3.25,0.0,2,11,4,0,387.25,0.2
35,2.6,0.0,1,15,1,0,372.8,0.43
7,3.142857142857143,0.1142857142857143,1,3,1,0,122.0,0.0585714285714285
69,3.0,0.1333333333333333,3,14,1,0,170.66666666666666,0.1433333333333333
41,3.75,0.0,1,4,1,0,388.0,0.29
51,3.1666666666666665,0.1333333333333333,2,9,0,0,-721.3333333333334,-0.15
16,2.7142857142857144,0.1571428571428571,3,6,2,0,164.85714285714286,0.1085714285714285
51,3.25,0.15,2,9,4,0,389.25,0.09
8,3.6,0.08,3,13,4,0,1208.0,0.274
38,3.6666666666666665,0.4666666666666666,1,16,1,0,-292.8333333333333,-1.8066666666666664
4,2.6,0.08,1,1,1,0,-0.2,-0.0199999999999999
7,3.75,0.2,1,3,1,1,42.5,0.335
20,3.0,0.16,2,11,4,0,-597.2,-0.24
20,3.111111111111111,0.2666666666666667,2,11,4,0,-152.55555555555554,-0.1966666666666666
45,3.0,0.0,2,5,4,2,727.0,0.47
12,3.333333333333333,0.2666666666666666,2,9,0,0,-1467.0,-0.3433333333333333
29,3.6666666666666665,0.1333333333333333,1,3,1,2,-3.0,0.0333333333333333
54,3.5,0.0666666666666666,1,4,2,2,631.3333333333334,0.0116666666666666
40,3.2857142857142856,0.1714285714285714,2,11,4,0,376.4285714285714,0.2814285714285714
69,3.0,0.16,3,14,1,2,104.2,0.292
61,3.4,0.08,3,14,1,2,246.4,0.376
34,4.0,0.5,1,16,1,0,-360.5,-1.345
50,3.0,0.0,1,12,1,0,7.0,0.04
20,3.571428571428572,0.2285714285714286,2,11,4,0,756.2857142857143,0.1871428571428571
47,3.0,0.16,1,16,1,2,79.6,-0.368
46,3.1666666666666665,0.0666666666666666,1,4,1,0,458.1666666666667,0.4116666666666666
8,3.1666666666666665,0.15,3,6,4,0,100.83333333333331,0.0833333333333333
33,3.75,0.25,3,14,1,0,19.5,0.0225
37,3.6,0.08,1,4,1,0,732.0,0.308
13,2.8,0.0,1,2,1,2,98.0,0.49
9,3.0,0.0,1,7,1,2,25.0,0.06
18,3.5,0.0,1,1,1,2,134.25,0.14
22,3.25,0.1,1,1,1,0,80.5,0.335
31,3.25,0.0,1,12,1,0,11.875,0.11
22,3.5,0.0,1,1,1,2,179.0,0.28
32,3.6666666666666665,0.2666666666666666,3,13,4,2,536.3333333333334,0.22
7,3.5,0.3,1,3,1,0,-1.75,-0.025
26,2.6666666666666665,0.1333333333333333,1,8,1,0,67.77777777777777,0.2033333333333333
52,3.6666666666666665,0.0,1,15,1,0,14.333333333333334,0.12
1,3.333333333333333,0.1333333333333333,1,1,1,2,83.0,0.3033333333333333
52,3.125,0.0,1,15,1,0,72.0,0.36
37,2.857142857142857,0.0571428571428571,1,4,1,2,144.28571428571428,0.1242857142857143
50,3.5,0.0625,3,6,2,0,1527.75,0.17375
10,2.857142857142857,0.0857142857142857,1,8,1,0,93.71428571428572,0.3221428571428571
3,3.1666666666666665,0.0666666666666666,1,3,1,0,64.58333333333333,0.2666666666666666
10,3.111111111111111,0.1333333333333333,1,8,1,0,22.0,0.0566666666666666
46,2.5,0.0,1,4,4,0,689.75,0.36
57,3.8,0.16,2,10,1,0,22.2,-0.04
34,3.5,0.1,1,16,1,0,83.5,0.2
19,3.142857142857143,0.0571428571428571,1,3,1,0,28.142857142857142,0.31
50,3.125,0.075,3,6,1,0,-32.5,-0.0562499999999999
13,3.25,0.0,1,2,1,0,191.25,0.37
22,3.8,0.08,1,1,1,0,34.8,0.194
22,4.0,0.2,1,1,1,2,33.5,0.0549999999999999
33,3.333333333333333,0.0666666666666666,1,8,1,0,-17.0,-0.0783333333333333
27,3.5,0.2,2,10,4,2,325.5,0.24
32,3.25,0.0,3,13,4,0,485.0,0.19
43,3.25,0.2,2,9,0,0,-1637.75,-0.32
59,3.6666666666666665,0.0,3,13,4,0,0.0,0.0
68,3.25,0.175,1,16,1,0,33.0,-0.2449999999999999
19,3.0,0.0,1,12,1,1,54.25,0.5
59,3.4,0.08,3,13,0,2,711.8,0.184
50,2.75,0.0,1,12,1,0,6.25,0.04
58,3.375,0.0,1,7,1,0,68.625,0.15
8,3.0,0.0571428571428571,3,13,4,0,1378.571428571429,0.3757142857142858
47,3.6666666666666665,0.3333333333333333,1,16,1,0,-4.5,-0.5966666666666666
61,3.0,0.0888888888888888,3,14,4,0,188.88888888888889,0.0477777777777777
44,3.5,0.1333333333333333,2,5,1,0,-211.16666666666663,-0.2233333333333333
7,3.8333333333333335,0.1333333333333333,1,3,1,0,0.3333333333333333,-0.0633333333333333
21,3.2857142857142856,0.1142857142857143,2,9,4,0,546.4285714285714,0.4057142857142857
21,3.333333333333333,0.1333333333333333,2,9,4,2,75.0,-0.0499999999999999
7,3.75,0.2,1,3,1,0,-5.75,-0.0799999999999999
29,2.857142857142857,0.0571428571428571,1,3,1,0,46.57142857142857,0.1457142857142857
31,4.0,0.1,3,6,4,2,252.75,0.09
16,3.4,0.13,3,6,4,0,386.4,0.151
8,2.6666666666666665,0.1333333333333333,3,13,4,0,-226.5,-0.0999999999999999
15,3.0,0.08,2,11,4,0,462.8,0.094
45,3.0,0.08,2,5,0,0,1255.0,0.1379999999999999
51,2.2,0.12,2,9,4,0,700.4,0.2319999999999999
9,3.333333333333333,0.0,1,7,1,0,49.66666666666666,0.12
10,3.571428571428572,0.1142857142857143,1,8,1,2,19.428571428571427,0.1114285714285714
31,3.625,0.1125,3,6,4,2,241.375,0.05625
69,3.5,0.1666666666666666,3,14,1,0,-55.75,-0.2125
9,3.571428571428572,0.0,1,7,1,0,196.42857142857144,0.43
2,3.0,0.0,1,2,1,0,68.4,0.22
40,3.2857142857142856,0.1142857142857143,2,11,1,0,-19.571428571428573,-0.0485714285714285
69,3.5,0.0,3,14,1,0,99.75,0.09
24,3.25,0.1333333333333333,3,6,4,0,351.6666666666667,0.1208333333333333
25,3.75,0.2,1,8,1,2,0.25,0.025
13,3.7142857142857135,0.0,1,2,1,2,70.42857142857143,0.25
30,3.583333333333333,0.0,1,15,1,0,435.1666666666667,0.4400000000000001
9,3.111111111111111,0.0,1,7,1,0,18.0,0.04
56,3.2,0.08,1,3,1,0,92.2,0.376
50,1.0,0.25,3,17,3,2,0.0,0.0
2,3.375,0.0,1,2,1,0,18.5,0.06
33,2.875,0.1,1,8,1,0,57.625,0.3575
16,3.25,0.15,3,6,1,2,40.5,0.0725
12,3.5,0.0,2,9,0,0,2794.5,0.35
30,4.0,0.0,1,15,1,2,56.0,0.07
52,2.7142857142857144,0.0571428571428571,3,14,1,2,41.57142857142857,0.1014285714285714
28,3.8,0.16,3,14,1,0,-16.6,-0.1159999999999999
3,2.857142857142857,0.1142857142857143,1,3,1,0,2.4285714285714284,-0.0357142857142857
61,3.8,0.08,3,14,1,2,193.0,0.184
30,3.2,0.0,1,15,4,0,1169.8,0.39
67,3.0,0.0,1,7,1,0,77.0,0.16
24,3.2857142857142856,0.1428571428571428,3,6,4,2,79.0,0.01
67,3.75,0.0,1,7,1,0,267.0,0.38
52,3.4285714285714284,0.1142857142857143,3,14,4,0,406.7142857142857,0.2271428571428571
66,3.5,0.0,2,11,2,0,1401.75,0.11
59,3.1666666666666665,0.2,3,13,4,2,222.16666666666663,0.0
31,3.4,0.13,3,6,1,0,263.8,0.217
9,2.0,0.0,1,7,1,1,169.33333333333334,0.5
1,2.625,0.05,1,1,1,0,36.75,0.04625
52,3.25,0.1,3,14,1,0,228.75,0.2075
8,3.5,0.1,3,13,4,2,567.25,0.2175
23,3.4545454545454546,0.2181818181818181,3,13,4,0,778.9090909090909,0.2481818181818182
47,3.5,0.45,1,16,1,0,-69.5,-1.1125
49,2.875,0.1,3,13,2,0,980.0,0.1375
66,3.5,0.1333333333333333,2,11,1,0,-134.0,-0.2233333333333333
17,3.142857142857143,0.0571428571428571,2,10,1,0,70.71428571428571,0.1571428571428571
19,3.6,0.0,1,12,1,0,81.8,0.49
55,3.4285714285714284,0.0,1,7,1,0,91.42857142857144,0.25
50,3.333333333333333,0.0,1,12,1,2,30.33333333333333,0.31
35,3.0,0.0,1,12,1,0,19.666666666666668,0.22
37,3.555555555555556,0.1333333333333333,1,4,4,0,-28.55555555555556,-0.1
61,4.0,0.0,3,14,1,0,77.4,0.08
55,3.0,0.0,1,7,1,0,187.75,0.32
67,3.0,0.0,1,7,1,2,16.8,0.05
43,3.6666666666666665,0.0,2,9,4,0,1057.8333333333333,0.39
38,3.571428571428572,0.0571428571428571,1,16,1,0,115.71428571428572,0.1757142857142857
19,3.1,0.16,1,3,1,0,41.9,0.164
19,3.0,0.0,1,12,1,0,70.0,0.29
6,3.6,0.0,2,5,0,0,896.8,0.19
9,3.4,0.0,1,7,1,0,300.2,0.35
70,3.6666666666666665,0.2,1,16,1,0,0.0,0.0
38,3.4,0.36,1,16,1,0,-113.8,-1.386
35,3.0,0.0,1,12,1,1,23.0,0.24
40,3.333333333333333,0.1333333333333333,2,11,4,0,404.3333333333333,0.2166666666666666
37,3.5,0.2,1,4,1,0,68.5,0.025
20,3.4285714285714284,0.1714285714285714,2,11,2,0,2194.0,0.2914285714285714
55,3.333333333333333,0.0,1,7,1,2,64.0,0.31
44,3.5,0.0,2,5,0,0,1792.75,0.33
16,2.75,0.0,1,12,1,0,37.5,0.2
55,3.142857142857143,0.0,1,7,1,2,64.28571428571429,0.48
20,3.4,0.16,2,11,4,2,-304.2,-0.192
33,3.5,0.3,1,8,1,0,-3.0,-0.08
11,3.5,0.0,2,5,1,2,146.0,0.18
32,4.0,0.16,3,13,4,0,-99.8,-0.216
13,2.5,0.0,1,2,1,2,78.0,0.42
5,3.6666666666666665,0.1333333333333333,1,4,2,0,1674.8333333333333,0.0699999999999999
20,2.833333333333333,0.2,2,11,4,2,-357.3333333333333,-0.295
31,3.4,0.34,3,6,4,2,-619.8,-0.372
4,3.6,0.24,1,1,1,2,-58.8,-0.286
51,2.888888888888889,0.0666666666666666,2,9,0,0,-319.6666666666667,-0.0911111111111111
53,3.0,0.08,1,1,1,2,43.8,0.2739999999999999
53,3.2222222222222223,0.1333333333333333,1,1,1,0,32.111111111111114,-0.04
43,3.0,0.0666666666666666,2,9,4,0,974.5,0.2883333333333333
35,3.5,0.0,1,12,1,0,53.66666666666666,0.49
18,3.5,0.2,1,1,1,2,-4.333333333333333,-0.0399999999999999
12,3.0,0.1333333333333333,2,9,4,2,-180.33333333333331,-0.1866666666666666
42,3.4,0.0,1,15,4,0,1388.0,0.37
6,2.75,0.0,2,5,4,2,102.5,0.08
47,2.833333333333333,0.3,1,16,1,0,-80.16666666666667,-1.2366666666666666
58,2.75,0.1,2,10,1,0,67.75,0.125
20,3.1666666666666665,0.1333333333333333,2,11,1,0,422.0,0.3766666666666666
8,3.4,0.18,3,6,1,0,229.8,0.3419999999999999
36,3.5,0.325,3,17,2,1,-857.5,-0.26
17,2.6666666666666665,0.0,2,10,4,0,818.0,0.3899999999999999
50,3.6666666666666665,0.0,1,12,1,0,90.66666666666669,0.37
61,4.0,0.08,3,14,1,2,-46.6,-0.088
29,3.7142857142857135,0.1714285714285714,1,3,1,0,127.0,0.1899999999999999
16,3.5,0.0,1,12,1,0,149.0,0.5
6,4.0,0.1333333333333333,2,5,0,0,2657.0,0.3266666666666666
35,3.6,0.0,1,12,1,0,38.0,0.2
51,3.0,0.1,2,9,0,0,-1025.5,-0.1416666666666666
21,3.5,0.0666666666666666,2,9,0,0,1681.1666666666667,0.4116666666666666
58,4.0,0.0,1,7,1,2,0.0,0.0
68,3.0,0.24,1,16,1,0,-186.8,-0.8240000000000001
58,4.0,0.1,2,10,1,2,19.5,0.0675
18,3.0,0.1,1,1,1,0,27.25,0.055
50,4.0,0.1285714285714286,3,6,4,0,677.8571428571429,0.2885714285714285
28,3.6666666666666665,0.0,1,15,1,0,90.0,0.39
57,3.4,0.0,2,10,4,0,895.8,0.38
60,3.0,0.0,1,2,1,0,117.33333333333331,0.11
66,3.0,0.0,2,11,4,2,183.5,0.11
51,3.0,0.1142857142857143,2,9,0,2,-190.14285714285717,-0.1914285714285714
18,2.25,0.1,1,1,1,0,144.0,0.23
29,3.5454545454545454,0.1454545454545454,1,3,1,0,59.36363636363637,0.3154545454545455
31,3.75,0.125,3,6,1,0,1.0,-0.0025
33,3.6666666666666665,0.2,1,8,1,0,40.0,-0.0299999999999999
3,3.0,0.2,1,3,1,0,89.66666666666667,0.33
16,3.4,0.2,3,6,4,0,-168.0,-0.194
8,3.571428571428572,0.1142857142857143,3,13,0,0,1422.571428571429,0.1428571428571428
51,3.75,0.1,2,9,4,0,469.0,0.3825
59,2.6,0.08,3,13,4,0,1115.0,0.196
35,2.7142857142857144,0.0,1,15,1,0,156.28571428571428,0.3
41,3.0,0.1333333333333333,1,4,1,0,116.83333333333331,0.0699999999999999
60,3.8,0.0,1,2,1,0,341.6,0.48
72,4.0,0.0,2,5,4,0,4729.0,0.48
62,3.333333333333333,0.1333333333333333,2,9,4,0,-213.66666666666663,-0.1233333333333333
39,3.1666666666666665,0.0,1,2,1,0,12.5,0.06
33,3.0,0.1333333333333333,3,14,1,0,88.66666666666667,0.0966666666666666
11,3.0,0.1714285714285714,2,5,4,0,1376.428571428571,0.3442857142857143
16,4.0,0.0333333333333333,3,6,1,1,173.33333333333334,0.3999999999999999
14,3.0,0.0,2,10,4,2,628.4,0.4699999999999999
27,4.0,0.0,2,10,1,2,83.5,0.15
6,3.1666666666666665,0.0,2,5,4,2,21.33333333333333,0.01
55,3.0,0.0,1,7,1,0,104.6,0.11
2,3.8,0.0,1,2,1,0,56.8,0.13
67,4.0,0.0,1,7,1,0,61.0,0.08
6,4.0,0.0,2,5,4,1,169.0,0.15
2,3.5,0.0,1,2,1,2,62.0,0.3
50,4.0,0.0,1,12,1,2,39.0,0.25
29,3.375,0.05,1,3,1,0,46.875,-0.01875
41,4.0,0.0,1,4,2,0,1534.5,0.22
63,3.571428571428572,0.1714285714285714,2,11,4,0,522.4285714285714,0.2042857142857142
11,4.0,0.1333333333333333,2,5,1,0,242.33333333333331,0.2166666666666666
30,4.0,0.0,1,15,1,2,57.5,0.21
39,3.0,0.0,1,2,1,2,29.33333333333333,0.1
54,3.875,0.1,1,4,2,0,-0.25,-0.05
58,3.6666666666666665,0.2,2,10,4,0,424.0,0.28
12,3.4285714285714284,0.1714285714285714,2,9,0,2,596.7142857142857,0.2428571428571428
12,3.6,0.12,2,9,0,2,347.0,0.076
58,3.6666666666666665,0.0,1,7,1,0,20.83333333333333,0.04
37,3.1666666666666665,0.0666666666666666,1,4,1,0,68.5,-0.0116666666666666
42,3.5,0.0,1,15,1,0,10.333333333333334,0.04
29,3.1666666666666665,0.0666666666666666,1,3,1,0,-22.666666666666668,-0.1116666666666666
37,3.875,0.15,1,4,1,0,593.125,0.325
31,3.0,0.0,1,12,1,0,23.75,0.12
10,3.230769230769231,0.123076923076923,1,8,1,0,45.07692307692308,0.1784615384615384
58,3.6666666666666665,0.0,1,7,1,0,38.55555555555556,0.09
35,3.333333333333333,0.0,1,15,1,2,37.66666666666666,0.05
41,3.2857142857142856,0.0571428571428571,1,4,1,2,218.7142857142857,0.3642857142857142
33,2.6666666666666665,0.1333333333333333,1,8,1,0,-7.166666666666667,0.06
55,3.2,0.0,1,7,1,0,69.8,0.26
6,4.0,0.2666666666666666,2,5,1,2,43.66666666666666,0.09
54,3.7142857142857135,0.1714285714285714,1,4,0,0,37.0,-0.1571428571428571
34,3.6,0.28,1,16,1,0,-162.4,-0.404
28,2.6,0.0,1,15,1,0,27.0,0.02
19,3.75,0.15,1,3,1,0,16.75,-0.0124999999999999
58,3.7142857142857135,0.0,1,7,1,0,105.71428571428572,0.3799999999999999
60,3.2857142857142856,0.0,1,2,1,0,118.42857142857144,0.29
49,3.7142857142857135,0.2285714285714286,3,13,2,0,286.1428571428572,0.1142857142857142
16,3.1,0.17,3,6,1,0,-130.6,-0.251
42,3.571428571428572,0.0,1,15,4,0,716.0,0.28
21,2.4,0.16,2,9,0,0,-498.8,-0.0499999999999999
34,4.0,0.2,1,16,1,2,-27.25,-0.72
52,3.7142857142857135,0.0,1,15,4,0,852.5714285714286,0.3999999999999999
52,3.857142857142857,0.0,1,15,1,0,135.0,0.12
54,4.0,0.0,1,4,1,0,374.0,0.3
16,3.8181818181818175,0.1545454545454545,3,6,1,0,566.0,0.3609090909090909
67,3.2857142857142856,0.0,1,7,1,0,128.14285714285714,0.3399999999999999
47,3.2,0.2799999999999999,1,16,1,0,-80.4,-0.6019999999999999
59,3.0,0.08,3,13,2,0,-193.6,-0.0759999999999999
70,3.4285714285714284,0.3428571428571429,1,16,1,0,-76.85714285714286,-0.6457142857142858
67,3.6666666666666665,0.0,1,7,1,0,61.0,0.1
70,3.8,0.32,1,16,1,0,-253.8,-1.184
32,3.4,0.08,3,13,0,0,1164.8,0.24
52,3.5,0.1333333333333333,3,14,1,0,31.0,0.0333333333333333
69,3.25,0.0,3,14,1,2,50.0,0.07
67,3.6666666666666665,0.0,1,7,1,2,13.666666666666666,0.04
55,3.4285714285714284,0.0,1,7,1,0,42.85714285714285,0.0899999999999999
71,2.5,0.425,3,17,0,0,-1275.5,-0.2099999999999999
43,3.8333333333333335,0.1,2,9,4,0,443.6666666666667,0.205
51,3.2222222222222223,0.1555555555555555,2,9,4,0,77.44444444444444,-0.0633333333333333
51,3.6666666666666665,0.2666666666666666,2,9,4,0,-709.0,-0.3866666666666666
30,3.333333333333333,0.0,1,15,1,2,442.3333333333333,0.41
50,3.125,0.1875,3,6,1,0,-63.625,-0.06
63,4.0,0.1333333333333333,2,11,4,0,1212.3333333333333,0.3033333333333333
17,3.6,0.08,2,10,1,0,23.0,0.0699999999999999
26,3.625,0.3,1,8,1,0,-20.0,-0.2425
41,2.6666666666666665,0.0,1,4,2,0,0.0,0.0
52,3.6666666666666665,0.0,1,15,1,0,495.0,0.31
57,3.7142857142857135,0.1142857142857143,2,10,1,0,51.57142857142857,0.0485714285714285
52,3.6666666666666665,0.0,1,15,4,0,285.0,0.11
32,3.8333333333333335,0.2666666666666666,3,13,4,0,-50.0,-0.0833333333333333
49,3.0,0.2,3,13,4,1,292.5,0.095
46,3.6666666666666665,0.1333333333333333,1,4,1,1,-40.66666666666666,-0.15
9,2.8,0.0,1,7,1,0,108.0,0.26
61,2.4,0.16,3,14,1,0,-72.4,-0.164
71,3.5,0.3916666666666666,3,17,2,0,-685.1666666666666,-0.0666666666666666
14,3.6666666666666665,0.2,2,10,1,0,178.0,0.3199999999999999
50,3.0,0.5,3,17,0,2,-680.5,-0.2299999999999999
53,3.5,0.1,1,1,1,2,104.5,0.195
19,3.0,0.0,1,12,1,2,10.333333333333334,0.08
56,3.0,0.0363636363636363,1,3,1,0,39.45454545454545,0.1409090909090909
29,3.5,0.1,1,3,1,0,301.125,0.2525
70,2.0,0.2,1,16,1,2,4.0,0.02
14,3.6,0.0,1,7,1,0,151.2,0.36
67,3.6666666666666665,0.0,1,7,1,0,126.0,0.4000000000000001
49,2.0,0.0,3,13,4,0,1594.0,0.34
28,3.0,0.0,3,14,4,2,75.0,0.05
12,1.0,0.0,2,9,0,2,1216.0,0.29
38,2.857142857142857,0.3999999999999999,1,16,1,0,-18.571428571428573,-0.7557142857142856
49,2.8,0.16,3,13,4,0,330.8,0.188
18,3.25,0.1,1,1,1,0,172.75,0.3349999999999999
47,3.25,0.0,1,16,1,0,405.25,0.4
33,3.6,0.08,1,8,1,0,129.0,0.23
50,3.6666666666666665,0.05,3,6,1,0,469.1666666666667,0.335
4,3.4,0.0,1,1,1,2,59.6,0.36
50,3.636363636363636,0.1090909090909091,3,6,1,0,423.3636363636364,0.4181818181818181
19,3.0,0.1454545454545454,1,3,1,0,6.909090909090909,-0.0063636363636363
38,3.0,0.35,1,16,1,0,-418.75,-1.0325
31,3.75,0.0,1,12,1,2,20.0,0.46
35,3.7142857142857135,0.0,1,15,4,0,473.1428571428572,0.1899999999999999
62,3.625,0.25,2,9,4,0,-168.125,-0.0625
57,3.6,0.12,2,10,1,0,19.7,-0.0309999999999999
52,3.6,0.0,1,15,4,0,608.4,0.3
8,4.0,0.2,3,13,0,2,-767.0,-0.255
65,3.6666666666666665,0.4666666666666666,3,17,2,2,-2991.6666666666665,-0.9266666666666666
60,3.333333333333333,0.0,1,2,1,0,387.6666666666667,0.49
60,3.333333333333333,0.0,1,2,1,1,117.66666666666669,0.4000000000000001
43,4.0,0.1333333333333333,2,9,0,2,622.6666666666666,0.0699999999999999
25,3.333333333333333,0.1333333333333333,1,8,1,1,10.333333333333334,0.0833333333333333
17,3.0,0.08,2,10,1,0,15.0,-0.0419999999999999
23,3.142857142857143,0.1714285714285714,3,13,2,0,711.8571428571429,0.0357142857142857
50,3.8,0.0,1,12,1,2,3.2,0.03
8,4.0,0.0999999999999999,3,6,1,0,379.3333333333333,0.4133333333333333
17,3.4285714285714284,0.0,2,10,4,0,884.7142857142857,0.39
21,3.6666666666666665,0.0,2,9,0,1,1281.3333333333333,0.3699999999999999
10,3.4,0.08,1,8,1,0,60.4,0.221
44,3.5,0.1,2,5,1,2,320.25,0.2424999999999999
60,3.1666666666666665,0.0,1,2,1,2,168.0,0.3799999999999999
11,3.25,0.0,2,5,1,0,788.0,0.49
47,3.25,0.1,1,16,1,2,-21.25,-0.105
31,3.375,0.1125,3,6,1,0,120.75,0.03125
23,3.25,0.2,3,13,0,0,-935.625,-0.16
24,3.25,0.1,3,6,4,0,49.0,0.0075
31,3.1666666666666665,0.0,1,12,1,0,16.333333333333332,0.14
9,2.4285714285714284,0.0,1,7,1,0,0.0,0.0
63,3.0,0.1333333333333333,2,11,1,2,-129.0,-0.21
33,3.0,0.08,3,14,1,0,57.6,0.014
28,3.2,0.0,1,15,4,0,656.0,0.3199999999999999
51,3.75,0.2,2,9,0,0,991.75,0.095
69,3.75,0.0,3,14,4,2,282.75,0.17
59,3.0,0.08,3,13,0,2,2033.8,0.3419999999999999
66,3.333333333333333,0.2,2,11,4,0,565.1666666666666,0.0949999999999999
6,3.75,0.1,2,5,1,2,563.75,0.3825
70,4.0,0.0,1,16,1,0,7.25,0.02
40,2.5,0.2,2,11,4,1,-136.0,-0.0399999999999999
16,2.333333333333333,0.0,1,12,1,2,52.0,0.3
5,3.4444444444444446,0.0888888888888888,1,4,4,0,120.55555555555556,0.0133333333333333
31,3.5,0.0,1,12,1,0,45.0,0.2
23,3.5,0.2,3,13,4,0,75.83333333333333,-0.0799999999999999
1,3.142857142857143,0.1142857142857143,1,1,1,0,34.42857142857143,0.0714285714285714
12,3.75,0.1,2,9,0,2,1814.0,0.3825
16,3.090909090909091,0.1727272727272727,3,6,1,0,-177.36363636363637,-0.2227272727272727
39,3.5,0.0,1,2,1,0,24.5,0.14
10,3.5454545454545454,0.0727272727272727,1,8,1,0,16.363636363636363,0.0518181818181818
19,4.0,0.0,1,12,1,2,10.2,0.07
33,3.7142857142857135,0.0571428571428571,3,14,1,0,225.42857142857144,0.4414285714285714
51,3.0,0.0,2,9,4,2,789.75,0.29
5,3.5,0.0666666666666666,1,4,1,0,194.83333333333331,0.0883333333333333
29,3.2857142857142856,0.0571428571428571,1,3,1,0,0.1428571428571428,-0.0742857142857142
62,3.5,0.05,2,9,4,2,66.75,0.0325
18,4.0,0.0,1,1,1,2,21.0,0.07
43,3.571428571428572,0.2285714285714286,2,9,0,0,-1619.7142857142858,-0.2842857142857143
19,3.4444444444444446,0.0,1,3,1,0,12.11111111111111,0.06
60,3.363636363636364,0.0,1,2,1,0,52.09090909090909,0.0899999999999999
66,3.0,0.1333333333333333,2,11,4,2,1538.0,0.3899999999999999
63,3.75,0.1,2,11,4,2,64.25,0.0074999999999999
1,3.125,0.1,1,1,1,0,324.875,0.405
36,2.0,0.425,3,17,0,2,568.5,0.04
61,3.6666666666666665,0.1333333333333333,3,14,1,0,180.5,0.0966666666666666
19,2.8,0.0,1,12,1,0,72.8,0.22
25,3.25,0.1,1,8,1,0,91.75,0.265
16,3.4,0.2,3,6,1,0,170.9,0.1599999999999999
16,3.2857142857142856,0.1857142857142857,3,6,2,0,1839.857142857143,0.2042857142857143
57,3.0,0.0,2,10,1,2,243.5,0.31
19,3.75,0.0,1,12,1,0,131.0,0.5
47,3.0,0.05,1,16,1,2,0.75,0.065
1,3.8,0.16,1,1,1,0,171.4,0.254
54,3.0,0.2,1,4,2,2,-2127.5,-0.305
68,3.142857142857143,0.4571428571428572,1,16,1,0,-14.857142857142858,-0.8557142857142856
45,3.75,0.1,2,5,1,2,51.75,0.0675
56,3.0,0.0,1,3,1,0,52.75,0.47
28,4.0,0.0,1,15,4,0,790.6,0.23
47,3.333333333333333,0.3,1,16,1,0,143.33333333333334,-0.0916666666666666
39,3.0,0.0,1,2,1,2,39.0,0.26
52,3.333333333333333,0.1333333333333333,3,14,1,0,267.6666666666667,0.1333333333333333
28,3.5,0.2,3,14,1,2,-61.5,-0.175
61,3.0,0.2666666666666666,3,14,4,0,-94.66666666666669,-0.11
52,3.857142857142857,0.1142857142857143,3,14,1,0,143.0,0.0228571428571428
3,3.3,0.2,1,3,1,0,-13.3,0.0
27,3.5,0.2,2,10,1,2,38.5,0.105
57,3.6666666666666665,0.2666666666666666,2,10,0,0,432.22222222222223,0.09
50,3.0,0.1,3,6,1,0,-42.66666666666666,-0.09
43,2.833333333333333,0.0666666666666666,2,9,0,2,607.6666666666666,0.1883333333333333
4,2.5,0.0,1,1,1,2,20.0,0.05
25,2.5,0.2,1,8,1,0,2.5,0.04
60,3.375,0.0,1,2,1,0,199.875,0.43
11,3.5,0.0,2,5,0,0,2899.5,0.37
3,3.5,0.1333333333333333,1,3,1,0,-7.833333333333333,-0.1999999999999999
47,3.1666666666666665,0.1,1,16,1,2,15.333333333333334,0.0
6,3.333333333333333,0.0,2,5,1,2,168.66666666666666,0.18
35,3.6666666666666665,0.0,1,12,1,2,17.0,0.11
25,3.125,0.1,1,8,1,0,-4.875,-0.085
30,3.4,0.0,1,15,1,0,26.6,0.07
67,3.0,0.0,1,7,1,2,18.0,0.06
35,3.4,0.0,1,12,1,2,15.6,0.12
45,3.0,0.16,2,5,4,2,686.6,0.316
6,3.333333333333333,0.1333333333333333,2,5,0,0,3335.5,0.3633333333333333
41,3.6666666666666665,0.1333333333333333,1,4,2,0,700.6666666666666,-0.1
5,3.0,0.15,1,4,1,0,56.625,-0.0737499999999999
41,3.5,0.0,1,4,1,0,75.25,0.07
35,3.0,0.0,1,12,1,0,3.333333333333333,0.02
14,3.4,0.08,2,10,1,0,267.4,0.32
33,3.2,0.16,3,14,1,0,168.2,0.24
58,3.2857142857142856,0.0,2,10,0,0,1108.7142857142858,0.23
30,3.25,0.0,1,15,1,0,70.0,0.16
48,2.6666666666666665,0.0,1,2,1,0,52.0,0.41
16,4.0,0.0,1,12,1,2,13.0,0.13
2,3.6666666666666665,0.0,1,2,1,0,405.3333333333333,0.35
16,3.0,0.05,3,6,2,0,1382.7,0.106
1,3.2857142857142856,0.1714285714285714,1,1,1,0,132.57142857142858,0.2142857142857142
52,4.0,0.0,1,15,1,0,91.0,0.33
71,4.0,0.425,3,17,0,0,-479.0,-0.365
25,3.6,0.16,1,8,1,2,-28.0,-0.244
47,3.5,0.3,1,16,1,0,-77.0,-1.0225
62,4.0,0.1333333333333333,2,9,0,2,-49.333333333333336,-0.0499999999999999
38,3.25,0.05,1,16,1,1,-2.75,-0.03
10,3.375,0.2,1,8,1,0,-15.625,-0.25
62,4.0,0.0,2,9,0,0,3194.0,0.48
1,3.4,0.16,1,1,1,2,13.4,0.022
62,4.0,0.2,2,9,0,1,357.0,0.15
7,3.5454545454545454,0.1818181818181818,1,3,1,0,216.45454545454547,0.1936363636363636
34,3.6,0.28,1,16,1,2,11.6,-0.326
54,3.0,0.08,1,4,1,0,86.6,0.06
30,3.571428571428572,0.0,1,15,1,0,55.71428571428572,0.14
31,3.4285714285714284,0.2142857142857143,3,6,4,0,-94.42857142857144,-0.1471428571428571
12,4.0,0.1,2,9,0,0,-0.125,-0.0325
64,2.6666666666666665,0.5333333333333333,3,17,2,0,-907.0,-0.36
29,3.333333333333333,0.1333333333333333,1,3,1,0,28.8,0.2666666666666666
62,3.0,0.24,2,9,0,0,1261.2,0.118
58,3.2,0.08,2,10,1,0,-23.4,-0.11
69,3.5,0.2,3,14,1,0,-57.75,-0.12
11,3.5,0.2,2,5,0,1,316.5,0.08
16,3.0,0.0,1,12,1,0,87.0,0.42
15,3.6666666666666665,0.1333333333333333,2,11,4,0,76.66666666666667,-0.0766666666666666
19,2.6666666666666665,0.2666666666666666,1,3,1,0,-29.0,-0.1266666666666666
27,3.0,0.0,2,10,1,2,260.5,0.22
28,3.4,0.16,3,14,1,0,25.0,-0.078
49,3.6666666666666665,0.1333333333333333,3,13,4,2,-125.0,-0.1966666666666666
31,3.333333333333333,0.0,1,12,1,0,3.8333333333333335,0.03
34,3.333333333333333,0.1999999999999999,1,16,1,0,88.5,-0.0866666666666666
13,3.2857142857142856,0.0,1,2,1,0,12.714285714285714,0.02
66,2.833333333333333,0.1333333333333333,2,11,4,0,50.333333333333336,-0.04
33,2.75,0.0,3,14,1,2,98.25,0.17
25,3.5,0.1,1,8,1,0,-11.0,-0.12
59,3.1666666666666665,0.1333333333333333,3,13,0,0,1909.6666666666667,0.34
41,3.8,0.08,1,4,1,0,162.4,0.1039999999999999
50,3.5,0.0,1,12,1,0,96.5,0.46
8,3.25,0.1,3,6,4,0,-50.0,0.0425
68,3.5,0.3,1,16,1,0,-67.0,-1.018333333333333
50,3.0,0.0,1,12,1,0,36.0,0.36
53,3.6,0.24,1,1,1,2,84.0,0.244
36,4.0,0.6,3,17,2,2,-2639.0,-0.83
27,3.4,0.32,2,10,1,0,-94.2,-0.4439999999999999
62,3.0,0.1333333333333333,2,9,0,0,1009.5,0.2299999999999999
40,3.1666666666666665,0.3333333333333333,2,11,4,0,-452.6666666666667,-0.3066666666666667
43,3.25,0.1833333333333333,2,9,4,0,-186.33333333333331,-0.1833333333333333
3,3.2222222222222223,0.2222222222222222,1,3,1,0,52.11111111111112,0.2344444444444444
68,3.0,0.32,1,16,1,0,63.4,-0.404
9,4.0,0.0,1,7,1,1,126.0,0.32
3,3.2,0.08,1,3,1,0,34.8,0.1159999999999999
66,3.2,0.0,2,11,1,2,554.8,0.4
14,3.0,0.0,1,7,1,0,333.6666666666667,0.43
24,2.888888888888889,0.1222222222222222,3,6,1,0,260.6666666666667,0.2655555555555555
7,3.2,0.08,1,3,1,2,43.4,0.376
66,3.0,0.0,2,11,4,0,1949.0,0.46
30,2.7777777777777777,0.0,1,15,4,0,375.6666666666667,0.12
29,4.0,0.0,1,3,1,2,23.666666666666668,0.16
20,3.25,0.1,2,11,1,0,271.0,0.2075
22,2.5,0.0,1,1,1,2,124.5,0.26
17,4.0,0.2,2,10,1,2,289.5,0.185
58,3.4,0.0,2,10,1,2,421.2,0.3
16,3.25,0.2,3,6,4,0,-537.5,-0.175
35,2.75,0.0,1,15,4,0,889.5,0.33
28,3.0,0.0,1,15,4,0,212.5,0.08
31,4.0,0.25,3,6,2,2,989.5,0.165
33,3.7142857142857135,0.1142857142857143,3,14,4,0,512.4285714285714,0.3342857142857143
69,4.0,0.1333333333333333,3,14,1,2,89.66666666666667,0.2066666666666666
21,4.0,0.1142857142857143,2,9,4,0,746.0,0.3342857142857142
46,4.0,0.08,1,4,4,0,489.4,0.23
62,2.25,0.0,2,9,4,0,1111.5,0.38
68,3.4,0.2,1,16,1,0,4.2,-0.686
31,3.2857142857142856,0.0571428571428571,3,6,4,2,467.2857142857143,0.3642857142857142
49,3.7142857142857135,0.1142857142857143,3,13,4,2,519.2857142857143,0.3571428571428571
32,3.8,0.16,3,13,0,0,642.6,0.1119999999999999
33,4.0,0.4,1,8,1,0,-148.0,-0.47
50,3.5,0.325,3,17,3,2,-2257.5,-0.125
31,2.0,0.4,3,6,1,2,-195.0,-0.33
28,3.857142857142857,0.0,1,15,1,0,235.57142857142856,0.39
50,3.8,0.1,3,6,2,0,2798.4,0.354
70,3.5,0.4666666666666666,1,16,1,2,-50.333333333333336,-0.82
3,3.0,0.16,1,3,1,0,-23.6,-0.2019999999999999
66,2.875,0.2,2,11,2,0,-1315.25,-0.255
41,3.6666666666666665,0.0,1,4,1,0,746.6666666666666,0.36
31,2.6666666666666665,0.0,1,12,1,2,54.0,0.29
33,3.1666666666666665,0.2,1,8,1,0,17.833333333333332,0.04
35,3.0,0.0,1,12,1,2,49.833333333333336,0.42
72,4.0,0.0,2,5,1,2,33.0,0.03
59,3.0,0.08,3,13,4,0,174.6,0.15
18,3.4285714285714284,0.1142857142857143,1,1,1,0,20.285714285714285,-0.0585714285714285
71,2.5,0.6,3,17,0,2,-2858.5,-1.38
59,3.6,0.08,3,13,4,2,364.8,0.196
62,3.6,0.16,2,9,4,2,127.6,0.1399999999999999
55,3.6666666666666665,0.0,1,7,1,2,130.0,0.32
28,3.7777777777777777,0.0,1,15,1,0,30.88888888888889,0.09
31,3.0,0.12,3,6,4,2,453.2,0.246
39,4.0,0.0,1,2,1,2,181.5,0.32
25,4.0,0.0666666666666666,1,8,1,0,9.333333333333334,-4.625929269271485e-18
62,3.2857142857142856,0.1142857142857143,2,9,4,0,281.85714285714283,0.0485714285714285
30,2.75,0.0,1,15,1,0,137.75,0.3
38,4.0,0.3999999999999999,1,16,1,0,-418.3333333333333,-1.3
2,3.333333333333333,0.0,1,2,1,0,192.66666666666663,0.3499999999999999
7,2.7142857142857144,0.1714285714285714,1,3,1,2,47.42857142857143,0.1657142857142856
69,3.7142857142857135,0.0571428571428571,3,14,1,0,201.14285714285717,0.2
34,3.6666666666666665,0.4000000000000001,1,16,1,2,4.0,-0.535
48,3.25,0.0,1,2,1,2,153.0,0.41
21,4.0,0.4000000000000001,2,9,4,2,-74.33333333333333,-0.07
5,3.2857142857142856,0.1142857142857143,1,4,1,0,-72.85714285714286,-0.0585714285714285
26,2.888888888888889,0.1777777777777777,1,8,1,0,95.11111111111111,0.3533333333333333
31,2.4285714285714284,0.1285714285714286,3,6,4,0,602.2857142857143,0.2171428571428571
7,3.333333333333333,0.0666666666666666,1,3,1,0,79.66666666666667,0.0883333333333333
30,3.333333333333333,0.0,1,15,4,0,33.5,0.01
68,4.0,0.1,1,16,1,1,-39.5,-0.09
56,3.8,0.16,1,3,1,0,1.2,-0.088
15,3.75,0.2,2,11,4,2,-0.25,-0.065
72,4.0,0.0,2,5,0,0,821.0,0.16
43,3.7142857142857135,0.1714285714285714,2,9,4,0,-887.7142857142857,-0.2342857142857142
14,3.8333333333333335,0.0,1,7,1,2,17.0,0.0499999999999999
42,3.333333333333333,0.0,1,15,4,0,748.4444444444445,0.22
39,4.0,0.0,1,2,1,0,46.8,0.15
27,3.8,0.08,2,10,1,0,125.8,0.196
25,3.7142857142857135,0.0571428571428571,1,8,1,0,-6.714285714285714,-0.0742857142857142
64,2.5,0.6,3,17,3,2,-1827.5,-0.45
6,3.4285714285714284,0.0571428571428571,2,5,4,0,-44.71428571428572,-0.0299999999999999
37,3.6666666666666665,0.1333333333333333,1,4,2,1,1389.3333333333333,0.2166666666666666
29,3.75,0.05,1,3,1,0,33.375,0.35
61,3.6666666666666665,0.0,3,14,1,0,169.0,0.33
31,4.0,0.2,3,6,4,2,-117.0,-0.255
50,4.0,0.25,3,17,2,0,2715.0,0.29
32,3.8,0.0,3,13,4,2,648.8,0.31
35,3.0,0.0,1,12,1,2,67.0,0.47
68,3.571428571428572,0.5142857142857142,1,16,1,0,-10.285714285714286,-0.7514285714285716
45,3.5,0.1,2,5,0,0,657.25,0.1824999999999999
21,4.0,0.0,2,9,0,2,1165.0,0.22
33,3.1666666666666665,0.3333333333333333,3,14,1,0,108.0,-0.0266666666666666
60,3.857142857142857,0.0,1,2,1,0,96.57142857142856,0.11
8,3.0,0.3,3,13,4,0,1194.75,0.235
14,3.6,0.0,1,7,1,0,200.6,0.27
8,3.0,0.0,3,13,4,2,1014.5,0.41
16,4.0,0.0,1,12,1,2,3.0,0.02
40,3.8,0.16,2,11,4,0,73.8,-0.154
13,4.0,0.0,1,2,1,0,12.0,0.11
37,3.0,0.2,1,4,4,0,516.5,0.295
67,3.0,0.0,1,7,1,2,33.0,0.0899999999999999
66,3.5,0.0,2,11,1,2,705.5,0.46
5,2.0,0.24,1,4,1,0,240.8,0.092
3,3.0,0.08,1,3,1,0,82.4,0.3419999999999999
58,3.0,0.0,1,7,1,0,127.83333333333331,0.13
58,3.142857142857143,0.0,1,7,1,0,60.285714285714285,0.21
34,3.5,0.1,1,16,1,0,151.75,0.28
2,3.333333333333333,0.0,1,2,1,2,190.0,0.49
47,3.4,0.24,1,16,1,0,-27.4,-0.408
31,3.25,0.0,1,12,1,2,17.75,0.11
3,3.333333333333333,0.1333333333333333,1,3,1,2,5.833333333333333,0.0933333333333333
8,3.25,0.225,3,6,1,0,-181.75,-0.1699999999999999
68,3.6666666666666665,0.1333333333333333,1,16,1,2,-85.0,-0.0833333333333333
46,2.6,0.0,1,4,1,0,332.2,0.29
32,3.1666666666666665,0.1333333333333333,3,13,4,0,34.666666666666664,-0.0133333333333333
67,2.4,0.0,1,7,1,0,76.4,0.24
2,3.8333333333333335,0.0,1,2,1,2,209.0,0.3999999999999999
37,3.6666666666666665,0.2666666666666666,1,4,2,2,-1779.0,-0.2833333333333333
26,2.333333333333333,0.0,1,8,1,2,0.0,0.0
69,3.0,0.08,3,14,1,0,28.6,-0.0079999999999999
12,3.8,0.08,2,9,4,2,296.0,0.2979999999999999
34,3.333333333333333,0.2666666666666666,1,16,1,0,49.66666666666666,-0.4933333333333334
26,3.2222222222222223,0.0444444444444444,1,8,1,0,99.44444444444444,0.3233333333333333
39,3.5,0.0,1,2,1,0,66.5,0.09
52,3.25,0.1,3,14,1,2,117.875,0.3475
7,3.142857142857143,0.0571428571428571,1,3,1,0,-34.285714285714285,-0.0514285714285714
46,3.5,0.1,1,4,2,2,3181.25,0.4175
27,3.0,0.4,2,10,0,2,-371.5,-0.22
14,4.0,0.1,2,10,0,2,332.0,0.1375
63,3.75,0.1,2,11,1,1,89.75,0.09
28,3.333333333333333,0.0666666666666666,3,14,1,0,171.83333333333334,0.1666666666666666
8,3.0,0.125,3,6,4,0,131.25,0.08
5,2.75,0.3,1,4,1,2,-251.25,-0.4675
38,2.75,0.2,1,16,1,0,-66.5,-0.18
65,4.0,0.25,3,17,3,0,-507.0,-0.03
45,4.0,0.0,2,5,1,0,340.0,0.2
50,3.4,0.08,3,6,1,0,16.8,-0.076
48,3.6666666666666665,0.0,1,2,1,0,33.833333333333336,0.0499999999999999
44,3.0,0.24,2,5,0,0,522.4,0.144
17,4.0,0.0571428571428571,2,10,0,0,2212.1428571428573,0.2985714285714285
40,4.0,0.0,2,11,4,1,157.0,0.22
28,3.0,0.0,1,15,4,0,1314.571428571429,0.42
48,3.0,0.0,1,2,1,2,238.5,0.35
69,4.0,0.0666666666666666,3,14,1,0,182.66666666666663,0.3
58,3.5,0.0,1,7,1,0,157.5,0.43
27,4.0,0.2,2,10,0,2,138.5,-0.095
52,3.4,0.0,1,15,1,2,357.8,0.44
51,2.0,0.1142857142857143,2,9,4,0,56.71428571428572,-0.0714285714285714
18,3.0,0.3,1,1,1,0,67.75,0.055
35,3.0,0.0,1,15,1,0,108.625,0.41
50,3.0,0.0,3,6,1,2,178.0,0.22
19,3.5,0.15,1,3,1,0,0.875,-0.0737499999999999
61,3.1666666666666665,0.1333333333333333,3,14,1,0,83.83333333333333,0.1066666666666666
19,3.5,0.0666666666666666,1,3,1,0,277.1666666666667,0.3216666666666667
30,3.0,0.0,1,15,1,0,167.55555555555554,0.35
48,3.4,0.0,1,2,1,0,95.2,0.3199999999999999
58,2.4,0.0,1,7,1,0,117.6,0.38
4,3.25,0.3,1,1,1,0,-7.25,-0.25
14,3.6666666666666665,0.1333333333333333,2,10,1,2,114.0,0.3033333333333333
61,3.5,0.1,3,14,1,2,33.0,0.1025
55,2.5,0.0,1,7,1,2,113.0,0.46
2,2.833333333333333,0.0,1,2,1,0,97.5,0.23
56,2.5,0.05,1,3,1,0,130.875,0.4475
31,3.5,0.0,1,12,1,0,89.25,0.42
70,3.6,0.44,1,16,1,0,69.0,-0.4040000000000001
1,3.857142857142857,0.1714285714285714,1,1,1,0,-79.14285714285714,-0.2199999999999999
22,3.333333333333333,0.1333333333333333,1,1,1,2,58.0,0.0833333333333333
56,3.375,0.2,1,3,1,0,-17.625,-0.31
65,2.5,0.425,3,17,0,1,-492.5,-0.42
36,4.0,0.425,3,17,3,2,-1224.0,-0.38
51,3.6,0.24,2,9,4,2,-146.0,-0.15
53,4.0,0.0,1,1,1,0,187.5,0.19
48,3.4285714285714284,0.0,1,2,1,0,0.0,0.0
55,4.0,0.0,1,7,1,0,31.0,0.15
17,3.6666666666666665,0.2666666666666666,2,10,0,0,973.0,0.15
19,2.75,0.0,1,12,1,0,44.0,0.17
31,3.333333333333333,0.2,3,6,1,0,38.66666666666666,-0.0499999999999999
69,3.0,0.3,3,14,1,0,-82.25,-0.1875
67,3.6666666666666665,0.0,1,7,1,2,112.66666666666669,0.28
1,3.0,0.1333333333333333,1,1,1,0,39.16666666666666,0.2299999999999999
2,2.857142857142857,0.0,1,2,1,2,73.28571428571429,0.39
17,2.0,0.2,2,10,4,0,-443.75,-0.305
14,2.5,0.0,1,7,1,2,16.0,0.05
17,3.333333333333333,0.0,2,10,1,0,179.66666666666666,0.34
26,3.5,0.1,1,8,1,2,26.5,0.3924999999999999
68,4.0,0.8,1,16,1,0,-520.0,-1.75
31,3.4285714285714284,0.0,1,12,1,0,4.285714285714286,0.02
39,3.1666666666666665,0.0,1,2,1,0,316.0,0.43
8,3.8333333333333335,0.05,3,6,4,0,461.6666666666667,0.2299999999999999
67,3.6,0.0,1,7,1,0,85.2,0.32
14,2.833333333333333,0.2,2,10,1,0,-173.83333333333334,-0.295
15,3.333333333333333,0.1333333333333333,2,11,4,0,342.1666666666667,0.0466666666666666
28,3.111111111111111,0.0,1,15,1,0,412.1111111111111,0.4
63,3.1666666666666665,0.1333333333333333,2,11,1,2,102.83333333333331,0.06
61,3.8333333333333335,0.0,3,14,1,0,32.666666666666664,0.0999999999999999
37,3.25,0.1,1,4,1,0,236.875,0.09
39,3.5,0.0,1,2,1,0,85.5,0.32
8,3.5,0.1333333333333333,3,13,4,2,-21.5,-0.1133333333333333
33,3.0,0.2,1,8,1,2,31.5,0.21
72,2.8,0.32,2,5,0,0,-1431.0,-0.26
66,3.0,0.0,2,11,4,0,1831.25,0.33
26,3.0,0.0,1,8,1,0,55.0,0.18
61,3.5,0.2,3,14,4,2,-187.75,-0.2
16,3.4285714285714284,0.0,1,12,1,2,34.285714285714285,0.37
18,3.6666666666666665,0.1333333333333333,1,1,1,0,252.0,0.2533333333333333
7,3.1666666666666665,0.1333333333333333,1,3,1,0,2.9166666666666665,-0.0133333333333333
35,3.4,0.0,1,15,4,0,1949.1,0.4699999999999999
51,3.25,0.2,2,9,0,0,1826.75,0.265
41,3.333333333333333,0.0,1,4,1,2,107.0,0.18
17,3.2,0.08,2,10,1,2,15.0,0.0359999999999999
53,3.857142857142857,0.0571428571428571,1,1,1,0,-5.714285714285714,-0.0399999999999999
58,3.0,0.0666666666666666,2,10,1,0,214.66666666666663,0.1783333333333333
67,3.2,0.0,1,7,1,0,85.4,0.24
49,4.0,0.1714285714285714,3,13,0,0,1380.7142857142858,0.2528571428571428
52,2.5,0.0,3,14,1,0,124.75,0.21
28,4.0,0.0,3,14,1,2,150.0,0.16
19,2.833333333333333,0.2,1,3,1,2,-52.5,-0.2649999999999999
33,3.333333333333333,0.1333333333333333,1,8,1,0,63.0,0.1666666666666666
56,3.6666666666666665,0.2222222222222222,1,3,1,0,-66.66666666666667,-0.3722222222222222
68,3.0,0.36,1,16,1,0,-50.2,-1.65
65,3.0,0.425,3,17,0,0,-2674.0,-0.86
48,2.6666666666666665,0.0,1,2,1,0,216.33333333333331,0.3499999999999999
28,4.0,0.0,1,15,1,2,104.5,0.31
16,3.5,0.0,1,12,1,0,39.25,0.42
42,3.571428571428572,0.0,1,15,4,2,1138.0,0.35
22,3.0,0.08,1,1,1,0,121.0,0.24
32,3.8,0.24,3,13,4,0,-271.0,-0.15
41,4.0,0.0,1,4,1,1,31.5,0.09
38,3.571428571428572,0.3714285714285715,1,16,1,0,-65.57142857142857,-1.0457142857142858
1,3.0,0.1,1,1,1,0,144.25,0.055
54,4.0,0.2,1,4,2,2,1451.5,0.255
43,3.8,0.24,2,9,4,0,675.2,0.2599999999999999
53,4.0,0.1,1,1,1,0,68.25,0.1825
10,3.4444444444444446,0.1777777777777777,1,8,1,0,58.0,0.0533333333333333
4,4.0,0.16,1,1,1,2,132.6,0.33
16,3.888888888888889,0.1555555555555555,3,6,4,0,554.1111111111111,0.3133333333333333
3,2.857142857142857,0.1142857142857143,1,3,1,2,-1.4285714285714286,-0.0842857142857143
33,3.75,0.2,3,14,1,2,-11.0,-0.2
70,3.5,0.6000000000000001,1,16,1,0,-141.75,-1.52
55,3.5,0.0,1,7,1,2,52.5,0.33
38,3.0,0.0666666666666666,1,16,1,2,134.33333333333334,0.4366666666666667
12,3.333333333333333,0.2,2,9,4,2,-793.3333333333334,-0.24
6,3.0,0.2,2,5,4,2,-740.5,-0.305
42,3.25,0.0,1,15,1,0,169.0,0.37
57,3.875,0.2,2,10,1,0,57.625,-0.055
66,3.0,0.0,2,11,4,0,1225.25,0.44
21,3.571428571428572,0.2285714285714286,2,9,4,0,-132.14285714285714,-0.2171428571428571
55,3.6,0.0,1,7,1,2,39.8,0.18
35,3.5,0.0,1,15,1,0,49.75,0.06
50,3.5,0.0,1,12,1,0,1.5,0.01
49,2.7142857142857144,0.1142857142857143,3,13,0,0,101.42857142857144,0.0228571428571428
66,3.333333333333333,0.1333333333333333,2,11,2,0,659.6666666666666,0.01
50,4.0,0.5,3,17,0,1,-616.5,-0.46
1,3.333333333333333,0.0666666666666666,1,1,1,0,123.66666666666669,0.3216666666666667
25,3.333333333333333,0.0666666666666666,1,8,1,0,20.0,0.0766666666666666
16,3.4,0.0,1,12,1,0,1.8,0.01
21,2.75,0.2,2,9,4,2,431.5,0.215
55,3.0,0.0,1,7,1,0,377.6666666666667,0.49
35,2.8,0.0,1,12,1,0,35.2,0.24
50,3.25,0.125,3,6,1,0,222.75,0.225
37,2.75,0.2,1,4,0,0,-1190.0,-0.24
23,4.0,0.0,3,13,2,0,711.0,0.07
19,3.5,0.0,1,12,1,1,0.5,0.02
42,3.272727272727273,0.0,1,15,4,0,1057.4545454545455,0.4
69,3.333333333333333,0.0,3,14,4,2,64.33333333333333,0.03
41,2.25,0.2,1,4,1,0,213.0,0.12
68,3.571428571428572,0.2857142857142857,1,16,1,0,-21.857142857142858,-0.7957142857142857
70,3.8,0.2,1,16,1,2,-3.6,-0.388
28,3.333333333333333,0.1333333333333333,3,14,4,0,725.6666666666666,0.3766666666666666
45,3.5,0.0,2,5,4,0,406.5,0.32
65,3.1666666666666665,0.2749999999999999,3,17,2,0,-649.6666666666666,-0.1249999999999999
40,3.333333333333333,0.1333333333333333,2,11,4,0,821.6666666666666,0.29
27,4.0,0.0,2,10,1,0,82.5,0.09
58,2.875,0.15,2,10,1,2,139.875,0.2875
23,3.5,0.0,3,13,0,0,1524.5,0.14
4,4.0,0.2,1,1,1,0,149.0,0.32
15,4.0,0.0571428571428571,2,11,1,0,262.85714285714283,0.1785714285714285
52,3.1666666666666665,0.1333333333333333,3,14,4,0,191.83333333333331,0.1933333333333333
5,3.333333333333333,0.1333333333333333,1,4,1,2,342.3333333333333,0.29
23,2.5,0.1,3,13,0,2,2167.75,0.3
5,3.333333333333333,0.1333333333333333,1,4,2,2,638.6666666666666,-0.0266666666666666
22,3.333333333333333,0.1333333333333333,1,1,1,2,-11.0,-0.1233333333333333
28,3.625,0.0,1,15,1,2,172.125,0.32
8,3.4,0.08,3,13,4,0,-11.6,-0.11
29,3.6666666666666665,0.0,1,3,1,2,0.0,0.0
54,3.0,0.0,1,4,0,0,682.5,0.21
72,4.0,0.4,2,5,1,2,-128.0,-0.6
18,3.571428571428572,0.2285714285714286,1,1,1,0,-21.285714285714285,-0.16
28,3.25,0.1,3,14,1,0,157.875,0.23
30,2.5,0.0,1,15,1,1,200.0,0.38
13,3.4,0.0,1,2,1,1,90.2,0.44
23,3.0,0.1,3,13,4,2,1023.75,0.3475
60,3.5,0.0,1,2,1,2,217.33333333333331,0.33
32,3.6666666666666665,0.0666666666666666,3,13,2,0,539.1666666666666,0.0116666666666666
7,3.6666666666666665,0.0666666666666666,1,3,1,0,10.166666666666666,0.045
16,3.857142857142857,0.0,1,12,1,0,74.42857142857143,0.42
57,3.25,0.0,2,10,1,0,310.0,0.46
50,3.4,0.04,3,6,1,0,453.0,0.342
63,3.6666666666666665,0.0,2,11,1,2,222.33333333333331,0.42
14,3.5,0.2,2,10,1,0,-70.0,-0.215
19,3.6,0.0,1,3,1,0,49.2,0.28
49,3.75,0.0,3,13,4,0,921.0,0.49
64,3.6666666666666665,0.4166666666666667,3,17,0,2,580.3333333333334,0.0466666666666666
18,4.0,0.0,1,1,1,0,89.0,0.12
52,2.75,0.0,1,15,4,2,805.25,0.29
1,3.75,0.0,1,1,1,2,259.0,0.41
14,4.0,0.16,2,10,1,2,-93.0,-0.268
60,3.4,0.0,1,2,1,2,6.4,0.02
11,3.6666666666666665,0.1333333333333333,2,5,4,0,-53.333333333333336,0.0333333333333333
35,3.25,0.0,1,12,1,0,12.0,0.06
57,3.75,0.0,2,10,0,0,760.5,0.09
14,3.333333333333333,0.2666666666666666,2,10,1,0,67.66666666666667,0.1166666666666666
11,3.5,0.0,2,5,4,2,999.0,0.28
16,3.6,0.0,1,12,1,0,54.2,0.45
24,3.4,0.26,3,6,4,0,-800.6,-0.408
66,3.2,0.16,2,11,4,2,87.0,-0.026
18,3.6,0.08,1,1,1,0,93.6,0.296
5,4.0,0.0,1,4,0,2,2737.0,0.42
69,3.571428571428572,0.0571428571428571,3,14,1,0,-36.71428571428572,-0.0514285714285714
24,3.0,0.15,3,6,2,0,-124.66666666666669,-0.0666666666666666
37,3.6666666666666665,0.1333333333333333,1,4,2,0,-1122.3333333333333,-0.0133333333333333
68,3.8333333333333335,0.3,1,16,1,2,-114.33333333333331,-1.28
28,3.5,0.1,3,14,4,0,185.5,0.0074999999999999
70,2.857142857142857,0.1714285714285714,1,16,1,0,-242.42857142857144,-0.5271428571428572
8,3.333333333333333,0.0,3,13,2,0,3496.0,0.27
1,3.0,0.0,1,1,1,2,62.16666666666666,0.12
49,3.333333333333333,0.0666666666666666,3,13,4,0,803.5,0.2883333333333333
71,4.0,0.25,3,17,2,0,1876.5,0.17
46,3.6,0.08,1,4,1,0,367.0,0.308
64,4.0,0.25,3,17,0,2,-1199.0,-0.27
61,3.5,0.0,3,14,4,2,851.5,0.48
27,3.4,0.16,2,10,1,2,-61.8,-0.2159999999999999
60,3.5,0.0,1,2,1,0,66.5,0.37
1,3.6,0.08,1,1,1,0,96.6,0.24
62,3.2,0.0,2,9,4,0,727.0,0.36
64,4.0,0.4833333333333333,3,17,2,1,-726.6666666666666,-0.4166666666666667
41,3.0,0.0571428571428571,1,4,0,0,272.85714285714283,0.0685714285714285
16,3.1666666666666665,0.2083333333333333,3,6,4,0,-55.333333333333336,-0.0474999999999999
52,3.75,0.2,3,14,1,0,70.0,-0.015
52,3.75,0.0,1,15,4,2,1193.75,0.47
50,3.6,0.2,3,6,1,0,70.0,0.08
14,3.4,0.0,2,10,0,0,1212.8,0.28
51,3.0,0.225,2,9,0,0,-850.5,-0.1937499999999999
72,3.0,0.0,2,5,1,0,94.0,0.05
13,3.0,0.0,1,2,1,2,18.666666666666668,0.16
30,3.75,0.0,1,15,1,0,375.25,0.46
7,3.1666666666666665,0.0666666666666666,1,3,1,0,-5.5,-0.0999999999999999
44,3.0,0.0,2,5,1,0,11.5,0.01
8,4.0,0.4000000000000001,3,13,4,0,-801.3333333333334,-0.28
40,3.333333333333333,0.1333333333333333,2,11,4,2,258.3333333333333,0.0233333333333333
64,4.0,0.4,3,17,3,2,-3706.5,-0.43
33,2.75,0.1,3,14,1,2,32.75,0.1825
37,3.0,0.0,1,4,2,0,1338.0,0.17
30,2.6,0.0,1,15,1,0,67.8,0.24
12,3.4,0.16,2,9,0,0,2240.8,0.15
9,4.0,0.0,1,7,1,0,199.5,0.47
58,2.0,0.0,1,7,1,0,150.5,0.27
31,2.8,0.0,1,12,1,0,44.6,0.41
28,4.0,0.08,3,14,1,0,61.4,0.07
2,2.5,0.0,1,2,1,2,42.0,0.3
28,3.5,0.1333333333333333,3,14,1,2,46.833333333333336,0.0966666666666666
70,3.333333333333333,0.6,1,16,1,2,-305.0,-2.526666666666667
27,3.5,0.3,2,10,1,0,21.5,-0.0525
22,3.75,0.1,1,1,1,2,23.75,0.055
8,3.5,0.0666666666666666,3,13,4,0,46.5,-0.045
52,3.333333333333333,0.0,1,15,1,2,44.333333333333336,0.3499999999999999
54,3.25,0.2,1,4,1,2,-84.5,-0.2
60,4.0,0.0,1,2,1,0,142.8,0.49
35,3.2857142857142856,0.0,1,15,1,2,228.28571428571428,0.3999999999999999
61,3.875,0.15,3,14,1,0,57.375,0.2262499999999999
40,3.5,0.2,2,11,1,2,44.5,-0.12
28,3.333333333333333,0.2666666666666666,3,14,1,2,-6.0,-0.1266666666666666
27,3.0,0.1333333333333333,2,10,1,2,134.66666666666666,0.0699999999999999
46,3.0,0.0,1,4,2,1,368.0,0.15
8,3.8,0.1,3,6,1,0,49.4,0.076
21,3.333333333333333,0.0,2,9,0,2,1709.3333333333333,0.36
37,3.0,0.1777777777777777,1,4,2,0,-998.8888888888888,-0.1133333333333333
53,3.333333333333333,0.1333333333333333,1,1,1,0,218.66666666666663,0.18
22,3.5,0.2,1,1,1,1,-18.0,-0.145
26,3.5,0.0,1,8,1,2,47.5,0.37
30,4.0,0.0,1,15,1,2,105.0,0.34
35,3.375,0.0,1,12,1,0,27.875,0.2
54,4.0,0.2,1,4,2,2,1205.5,0.24
13,3.333333333333333,0.0,1,2,1,0,284.6666666666667,0.29
38,3.75,0.1,1,16,1,0,29.0,0.0749999999999999
72,1.0,0.4,2,5,0,0,-1488.0,-0.33
8,3.333333333333333,0.0,3,13,2,0,273.3333333333333,0.04
36,4.0,0.25,3,17,2,2,422.0,0.09
5,4.0,0.1333333333333333,1,4,4,0,165.33333333333334,-0.0033333333333333
35,3.6666666666666665,0.0,1,12,1,0,101.83333333333331,0.48
25,3.75,0.2,1,8,1,0,-14.25,-0.175
20,3.5,0.0,2,11,4,2,188.5,0.13
55,4.0,0.0,1,7,1,0,37.0,0.05
8,3.4,0.0,3,13,4,0,1472.8,0.48
21,3.4,0.12,2,9,4,2,156.4,0.018
32,3.333333333333333,0.2666666666666666,3,13,4,0,106.33333333333331,-0.0133333333333333
13,4.0,0.0,1,2,1,2,66.0,0.18
33,4.0,0.0,3,14,4,0,749.5,0.27
63,3.5,0.2,2,11,4,0,287.3333333333333,0.0649999999999999
32,3.6666666666666665,0.1333333333333333,3,13,4,0,130.66666666666666,-0.0766666666666666
25,3.0,0.2,1,8,1,0,13.75,-0.025
1,2.25,0.0,1,1,1,0,70.0,0.09
48,3.6666666666666665,0.0,1,2,1,2,39.333333333333336,0.31
53,3.5,0.0,1,1,1,0,63.0,0.09
65,4.0,0.425,3,17,0,0,-943.0,-0.2249999999999999
43,4.0,0.1333333333333333,2,9,0,0,2002.6666666666667,0.29
14,3.0,0.0,1,7,1,2,66.5,0.31
66,4.0,0.32,2,11,1,0,-310.8,-0.4899999999999999
45,4.0,0.2,2,5,1,0,-168.0,-0.2799999999999999
31,3.25,0.0,1,12,1,0,35.0,0.25
2,3.4,0.0,1,2,1,2,14.4,0.15
12,3.5,0.2,2,9,4,0,805.0,0.145
50,3.5,0.0,1,12,1,0,71.83333333333333,0.49
69,2.6666666666666665,0.1333333333333333,3,14,1,0,42.333333333333336,-0.04
6,2.6666666666666665,0.1333333333333333,2,5,1,0,-246.66666666666663,-0.21
59,3.7142857142857135,0.0571428571428571,3,13,4,2,426.2857142857143,0.4085714285714286
60,3.333333333333333,0.0,1,2,1,2,60.0,0.41
46,3.0,0.08,1,4,1,0,253.4,0.184
72,3.2,0.16,2,5,4,0,757.6,0.2779999999999999
28,4.0,0.2,3,14,1,1,59.5,0.335
35,3.75,0.0,1,15,1,2,86.0,0.19
21,3.0,0.0,2,9,4,0,373.8,0.1
48,3.8333333333333335,0.0,1,2,1,0,188.83333333333331,0.28
34,3.8,0.28,1,16,1,2,-9.0,-0.482
39,3.8333333333333335,0.0,1,2,1,0,87.5,0.13
6,3.0,0.1,2,5,1,2,201.25,0.2525
42,3.571428571428572,0.0,1,15,1,2,328.7142857142857,0.3999999999999999
35,3.2,0.0,1,15,1,0,173.8,0.49
33,2.75,0.1,3,14,4,0,900.75,0.4049999999999999
45,4.0,0.0,2,5,0,0,2120.0,0.19
8,2.7142857142857144,0.1285714285714286,3,6,1,0,49.285714285714285,-0.0257142857142857
25,3.5,0.1,1,8,1,0,32.75,0.0424999999999999
15,4.0,0.2666666666666666,2,11,1,0,-39.333333333333336,-0.11
44,3.6666666666666665,0.2666666666666666,2,5,4,0,-325.0,-0.1
33,3.6666666666666665,0.0,1,8,1,0,21.666666666666668,0.08
69,3.8,0.16,3,14,1,0,71.8,0.2779999999999999
26,3.6666666666666665,0.1333333333333333,1,8,1,0,40.66666666666666,0.18
22,3.6666666666666665,0.2666666666666666,1,1,1,0,-82.33333333333333,-0.24
14,3.4,0.0,1,7,1,2,70.4,0.28
58,3.6666666666666665,0.1333333333333333,2,10,1,0,3.333333333333333,-0.1366666666666667
57,4.0,0.1333333333333333,2,10,1,2,119.66666666666669,0.1066666666666666
10,3.1666666666666665,0.3333333333333333,1,8,1,0,-35.5,-0.415
19,4.0,0.0,1,12,1,2,45.66666666666666,0.22
18,3.0,0.1,1,1,1,0,5.0,-0.085
59,3.0,0.1333333333333333,3,13,4,0,752.8333333333334,0.1333333333333333
68,3.4,0.32,1,16,1,0,-128.8,-1.184
26,3.5,0.4,1,8,1,2,-4.0,-0.02
14,4.0,0.0,2,10,1,0,150.0,0.12
26,3.333333333333333,0.2666666666666666,1,8,1,2,40.333333333333336,0.2299999999999999
18,3.8333333333333335,0.2,1,1,1,0,-10.333333333333334,-0.16
19,3.5,0.0,1,12,1,2,39.5,0.25
9,3.0,0.0,1,7,1,0,10.4,0.02
55,3.333333333333333,0.0,1,7,1,0,16.333333333333332,0.05
49,2.75,0.2,3,13,4,0,993.25,0.305
63,4.0,0.0,2,11,2,1,1611.0,0.31
50,4.0,0.25,3,17,2,1,92.0,0.03
67,3.333333333333333,0.0,1,7,1,0,31.0,0.12
49,3.2857142857142856,0.0571428571428571,3,13,4,0,1144.571428571429,0.3428571428571428
19,3.5,0.2666666666666666,1,3,1,0,-5.166666666666667,-0.0133333333333333
63,3.5,0.3,2,11,4,0,-39.25,0.0374999999999999
31,3.333333333333333,0.0,1,12,1,0,65.33333333333333,0.3699999999999999
6,2.5,0.2,2,5,1,0,81.5,0.025
70,4.0,0.2666666666666666,1,16,1,2,-59.0,-0.9366666666666666
39,3.5,0.0,1,2,1,0,44.375,0.12
28,3.6666666666666665,0.1333333333333333,3,14,1,2,22.666666666666668,0.12
35,3.5,0.0,1,15,1,0,88.4,0.44
49,3.0,0.24,3,13,0,0,-1688.8,-0.344
40,3.75,0.2,2,11,2,0,1900.0,0.16
8,3.333333333333333,0.1333333333333333,3,13,4,0,30.666666666666668,-0.0033333333333333
53,2.75,0.1,1,1,1,2,1.5,0.0774999999999999
63,2.6666666666666665,0.1333333333333333,2,11,4,2,-293.6666666666667,0.01
2,4.0,0.0,1,2,1,2,45.0,0.06
59,3.1666666666666665,0.0666666666666666,3,13,4,0,1633.3333333333333,0.445
38,4.0,0.0,1,16,1,1,155.0,0.31
38,3.5,0.45,1,16,1,0,-26.75,-0.96
31,2.8,0.22,3,6,4,0,434.0,0.1599999999999999
15,3.0,0.0,2,11,4,0,84.33333333333333,0.04
14,3.5,0.1,2,10,1,2,68.25,0.2774999999999999
4,4.0,0.1,1,1,1,0,150.0,0.1725
58,4.0,0.4,2,10,1,0,147.5,0.17
19,3.6,0.16,1,3,1,0,29.2,0.178
23,3.125,0.1,3,13,4,0,939.75,0.3349999999999999
48,2.6666666666666665,0.0,1,2,1,1,78.66666666666667,0.25
70,3.5,0.4,1,16,1,1,-99.5,-1.94
43,4.0,0.4,2,9,4,0,45.0,0.02
68,3.75,0.4,1,16,1,2,-54.0,-1.5499999999999998
50,3.333333333333333,0.35,3,17,2,2,-246.0,-0.1033333333333333
51,3.8,0.12,2,9,0,0,598.4,0.042
33,2.5,0.0,1,8,1,2,17.0,0.07
68,3.333333333333333,0.0666666666666666,1,16,1,0,193.83333333333331,0.1533333333333333
2,4.0,0.0,1,2,1,0,187.0,0.16
50,3.5,0.425,3,17,2,2,832.5,0.005
52,2.4,0.0,3,14,1,2,53.2,0.13
59,3.5,0.0,3,13,2,0,1999.5,0.23
11,3.5,0.0,2,5,0,2,441.0,0.08
53,2.0,0.4,1,1,1,2,-82.0,-0.22
21,3.0,0.1,2,9,4,2,-113.75,-0.1425
62,3.333333333333333,0.0666666666666666,2,9,4,1,307.3333333333333,0.1533333333333333
50,3.0,0.35,3,17,2,2,722.0,0.1133333333333333
51,3.333333333333333,0.0666666666666666,2,9,0,0,2023.0,0.35
69,1.6666666666666667,0.0,3,14,1,0,123.0,0.12
4,3.5,0.1,1,1,1,0,93.5,0.1124999999999999
36,3.5,0.325,3,17,2,1,330.5,0.235
67,3.6666666666666665,0.0,1,7,1,2,5.333333333333333,0.02
17,4.0,0.3,2,10,1,2,27.0,0.055
27,3.0,0.2,2,10,1,0,89.5,-0.055
67,4.0,0.0,1,7,1,0,338.3333333333333,0.44
56,3.5,0.1333333333333333,1,3,1,0,286.0,0.17
57,4.0,0.1333333333333333,2,10,4,0,847.6666666666666,0.3533333333333333
4,3.75,0.2,1,1,1,2,44.0,0.0
50,3.6,0.0,1,12,1,0,72.6,0.29
12,3.5,0.4,2,9,4,0,-822.0,-0.47
12,2.75,0.0,2,9,0,0,341.25,0.03
58,3.0,0.0,1,7,1,1,6.0,0.04
63,3.25,0.1,2,11,4,0,634.5,0.37
54,3.4,0.08,1,4,1,2,152.4,0.308
33,4.0,0.1333333333333333,1,8,1,2,96.0,0.3899999999999999
14,3.25,0.0,1,7,1,0,156.25,0.38
69,3.5,0.0,3,14,1,0,78.5,0.05
58,4.0,0.1333333333333333,2,10,1,0,146.33333333333334,0.2666666666666666
39,2.333333333333333,0.0,1,2,1,0,62.0,0.08
45,2.6666666666666665,0.1333333333333333,2,5,1,0,35.0,-0.0133333333333333
54,3.125,0.2,1,4,1,0,-11.5,-0.025
24,3.0,0.0571428571428571,3,6,1,2,-28.285714285714285,-0.0514285714285714
23,3.8,0.16,3,13,4,0,411.4,-0.002
49,3.5,0.2,3,13,4,2,-381.75,-0.32
46,4.0,0.0,1,4,2,0,2417.0,0.13
49,3.75,0.1,3,13,4,0,725.0,0.2649999999999999
65,4.0,0.25,3,17,2,0,-2302.0,-0.25
30,3.25,0.0,1,15,4,0,960.75,0.46
15,3.6,0.08,2,11,4,0,1075.6,0.24
37,3.5,0.0,1,4,4,0,264.25,0.23
42,3.7142857142857135,0.0,1,15,1,0,215.57142857142856,0.5
35,3.5,0.0,1,12,1,2,14.0,0.12
64,3.0,0.4,3,17,2,2,-181.0,-0.03
23,4.0,0.08,3,13,4,2,565.6,0.2979999999999999
38,2.0,0.0,1,16,1,1,13.0,0.12
64,3.0,0.425,3,17,2,2,-1542.0,-0.455
18,3.5,0.1,1,1,1,0,138.75,0.195
34,4.0,0.0,1,16,1,2,256.0,0.47
50,3.0,0.0,1,12,1,0,1.6,0.01
32,3.75,0.0,3,13,4,0,1477.5,0.34
61,2.6666666666666665,0.2666666666666666,3,14,1,0,-0.3333333333333333,-0.1533333333333333
36,3.0,0.6,3,17,0,0,-4986.5,-1.33
32,2.6,0.0,3,13,2,0,784.4,0.12
8,3.25,0.2,3,13,2,0,-1028.5,-0.2
35,3.25,0.0,1,15,1,2,40.5,0.31
27,2.6666666666666665,0.2666666666666666,2,10,4,1,-256.6666666666667,-0.2833333333333333
26,3.333333333333333,0.0,1,8,1,2,0.0,0.0
35,3.0,0.0,1,12,1,2,21.0,0.16
64,3.6666666666666665,0.4166666666666667,3,17,2,2,-1591.0,-0.5033333333333334
55,3.0,0.0,1,7,1,1,7.5,0.04
24,3.0,0.2666666666666666,3,6,4,2,533.6666666666666,0.2466666666666666
9,3.6,0.0,1,7,1,0,291.8,0.48
26,4.0,0.2666666666666666,1,8,1,0,22.33333333333333,0.1766666666666666
53,3.0,0.1333333333333333,1,1,1,1,41.333333333333336,0.1566666666666666
3,3.25,0.1,1,3,1,2,169.75,0.265
20,3.625,0.15,2,11,1,0,-136.875,-0.25125
64,3.5,0.325,3,17,2,0,1806.5,0.19
9,3.0,0.0,1,7,1,0,87.66666666666667,0.1
15,3.4,0.16,2,11,1,2,166.4,0.2019999999999999
34,4.0,0.8,1,16,1,2,-108.0,-2.55
62,4.0,0.0,2,9,0,1,678.0,0.37
39,3.0,0.0,1,2,1,0,30.5,0.06
64,4.0,0.3666666666666667,3,17,0,2,-731.3333333333334,-0.6699999999999999
50,3.0,0.0,3,6,4,1,137.0,0.09
64,3.5,0.425,3,17,0,0,-2970.5,-0.535
13,3.0,0.0,1,2,1,0,146.33333333333334,0.49
45,3.8,0.24,2,5,4,0,123.6,0.05
44,4.0,0.2666666666666666,2,5,1,0,-78.33333333333333,-0.1533333333333333
21,4.0,0.2,2,9,0,1,390.0,0.14
60,3.2,0.0,1,2,1,2,30.0,0.09
14,4.0,0.4000000000000001,2,10,1,2,-58.66666666666666,-0.22
47,2.0,0.3333333333333333,1,16,1,2,-25.0,-1.1266666666666667
25,3.6,0.16,1,8,1,2,-18.6,-0.102
72,3.333333333333333,0.1333333333333333,2,5,4,0,760.6666666666666,0.06
26,3.0,0.2,1,8,1,0,-38.5,-0.255
55,3.0,0.0,1,7,1,1,0.0,0.0
47,3.75,0.3,1,16,1,0,-23.5,-0.8975
20,3.333333333333333,0.1333333333333333,2,11,4,0,78.33333333333333,0.01
67,3.5,0.0,1,7,1,2,19.0,0.06
14,3.6,0.0,1,7,1,2,138.0,0.17
7,3.571428571428572,0.2285714285714286,1,3,1,0,-27.571428571428573,-0.2842857142857143
12,3.5,0.2,2,9,4,0,199.5,-0.135
57,3.5,0.0666666666666666,2,10,1,0,70.0,0.0783333333333333
32,3.0,0.0,3,13,4,2,862.3333333333334,0.49
6,4.0,0.0,2,5,1,2,150.0,0.22
5,4.0,0.0,1,4,2,1,1375.0,0.28
27,3.0,0.0,2,10,1,2,193.0,0.35
53,2.0,0.2,1,1,1,0,74.5,0.185
44,2.5,0.2,2,5,1,2,21.5,-0.145
16,3.25,0.0,1,12,1,0,22.5,0.1
33,2.0,0.0,3,14,1,2,195.0,0.27
31,3.8,0.0,1,12,1,0,28.0,0.21
39,3.7142857142857135,0.0,1,2,1,0,1.2857142857142858,0.01
15,4.0,0.2,2,11,1,2,-91.25,-0.12
1,3.0,0.24,1,1,1,0,52.8,0.0179999999999999
55,3.5,0.0,1,7,1,1,82.5,0.18
8,3.333333333333333,0.0,3,6,1,0,407.0,0.38
26,4.0,0.0,1,8,1,2,108.0,0.43
43,3.6,0.04,2,9,0,0,1025.0,0.212
35,3.5,0.0,1,12,1,0,38.5,0.21
69,4.0,0.0,3,14,1,1,36.5,0.22
58,3.75,0.0,1,7,1,0,33.75,0.04
61,4.0,0.0,3,14,1,2,339.5,0.48
9,3.5,0.0,1,7,1,1,144.0,0.31
26,3.0,0.0,1,8,1,0,82.0,0.21
65,4.0,0.25,3,17,0,0,1794.0,0.32
48,3.0,0.0,1,2,1,0,322.0,0.42
72,3.0,0.0,2,5,0,2,1307.5,0.36
56,2.6666666666666665,0.2666666666666666,1,3,1,0,13.666666666666666,0.15
53,3.5,0.1333333333333333,1,1,1,0,114.5,0.3633333333333333
46,4.0,0.4,1,4,2,2,-1032.0,-0.23
59,3.75,0.1,3,13,4,0,426.75,0.125
63,4.0,0.4,2,11,2,1,179.0,0.05
54,3.75,0.2,1,4,1,0,-113.0,-0.175
58,3.0,0.4000000000000001,2,10,0,0,-2292.6666666666665,-0.63
50,3.4,0.0,1,12,1,0,70.6,0.33
50,3.0,0.425,3,17,2,2,-1893.0,-0.86
35,3.4,0.0,1,12,1,2,43.6,0.43
58,3.2,0.0,1,7,1,0,180.0,0.38
51,2.8,0.16,2,9,4,0,1024.0,0.1879999999999999
3,2.5,0.2,1,3,1,0,57.0,0.335
48,4.0,0.0,1,2,1,0,32.0,0.1
34,4.0,0.1,1,16,1,2,130.0,0.235
50,4.0,0.25,3,17,0,0,36.5,0.01
17,2.5,0.0,2,10,1,2,105.0,0.13
70,3.25,0.25,1,16,1,0,107.75,-0.0325
59,2.333333333333333,0.0,3,13,4,0,1417.0,0.48
41,3.5,0.1,1,4,2,0,-210.25,-0.085
36,4.0,0.6,3,17,0,1,-1159.0,-1.23
65,3.5,0.325,3,17,2,2,-881.5,-0.26
13,4.0,0.0,1,2,1,0,196.0,0.37
33,2.8,0.08,1,8,1,0,20.8,0.128
35,3.5,0.0,1,15,1,0,372.1666666666667,0.4699999999999999
63,3.4,0.16,2,11,4,0,-123.2,-0.064
61,3.0,0.2666666666666666,3,14,1,2,-51.0,-0.3866666666666666
71,3.0,0.6,3,17,2,1,-949.0,-0.48
54,3.333333333333333,0.0,1,4,1,0,442.6666666666667,0.33
63,3.5,0.2,2,11,1,2,140.0,0.24
52,3.25,0.0,1,15,1,2,254.75,0.35
71,3.6666666666666665,0.3666666666666667,3,17,0,2,-1246.0,-0.4466666666666667
36,4.0,0.25,3,17,2,2,1116.0,0.23
23,3.0,0.0,3,13,2,2,1473.5,0.18
12,3.5,0.0,2,9,0,2,86.0,0.03
13,3.333333333333333,0.0,1,2,1,2,87.0,0.34
22,2.6666666666666665,0.0,1,1,1,1,32.0,0.11
50,3.0,0.4,3,17,3,2,643.0,0.08
15,4.0,0.2,2,11,4,0,1323.5,0.28
22,2.5,0.1,1,1,1,1,52.5,0.3
15,3.6666666666666665,0.2666666666666666,2,11,4,0,202.33333333333331,0.09
71,2.5,0.425,3,17,2,1,-984.0,-0.6499999999999999
1,3.0,0.0,1,1,1,2,14.5,0.02
12,2.75,0.0,2,9,4,0,876.0,0.39
48,4.0,0.0,1,2,1,2,65.5,0.12
64,2.0,0.6,3,17,2,2,-3210.0,-1.3
27,4.0,0.0,2,10,1,0,332.0,0.44
14,3.0,0.0,1,7,1,0,116.66666666666669,0.25
64,4.0,0.25,3,17,3,2,857.0,0.09
6,4.0,0.2,2,5,4,2,-785.0,-0.255
49,3.25,0.1,3,13,4,0,685.75,0.3
46,3.5,0.0,1,4,0,2,806.5,0.14
19,3.625,0.15,1,3,1,0,-84.875,-0.22375
54,3.75,0.0,1,4,2,0,1672.75,0.14
53,3.0,0.2666666666666666,1,1,1,0,-202.33333333333331,-0.3699999999999999
19,3.0,0.0,1,12,1,0,106.33333333333331,0.38
22,3.0,0.4,1,1,1,2,-184.0,-0.45
33,3.6666666666666665,0.1333333333333333,1,8,1,2,27.666666666666668,0.12
68,3.5,0.2,1,16,1,2,71.5,-0.3824999999999999
64,3.0,0.425,3,17,0,2,-691.5,-0.15
72,3.0,0.0,2,5,0,2,1090.0,0.29
50,3.0,0.325,3,17,2,1,12.0,-0.0049999999999999
18,3.0,0.0,1,1,1,1,108.0,0.31
52,2.6666666666666665,0.1333333333333333,3,14,1,0,351.3333333333333,0.3766666666666666
52,4.0,0.0,1,15,1,0,23.5,0.03
14,3.5,0.1,2,10,1,0,426.75,0.37
50,3.5,0.4,3,6,4,2,-391.0,-0.23
45,3.5,0.2,2,5,1,2,-425.0,-0.2799999999999999
27,2.0,0.4,2,10,1,0,-1.0,0.0
11,4.0,0.0,2,5,1,1,69.0,0.17
8,3.6,0.24,3,6,4,0,-481.8,-0.302
53,3.4,0.08,1,1,1,2,90.8,0.252
11,4.0,0.4,2,5,0,1,-1031.0,-0.6
25,3.5,0.2,1,8,1,2,40.5,0.2
13,4.0,0.0,1,2,1,0,344.6666666666667,0.32
33,3.0,0.0,1,8,1,1,16.0,0.09
60,4.0,0.0,1,2,1,0,91.25,0.2
18,3.25,0.3,1,1,1,2,68.75,0.1
35,3.8,0.0,1,15,1,2,8.0,0.05
50,2.5,0.0,1,12,1,2,75.0,0.5
47,3.0,0.0,1,16,1,2,318.0,0.46
52,3.0,0.0,3,14,4,0,1247.0,0.46
63,4.0,0.0,2,11,2,0,3927.0,0.22
35,2.5,0.0,1,12,1,2,25.5,0.2
58,4.0,0.2,2,10,0,2,-275.0,-0.0799999999999999
72,4.0,0.0,2,5,4,2,603.0,0.35
6,4.0,0.2,2,5,0,0,-50.0,-0.175
40,3.6666666666666665,0.0,2,11,4,2,14.0,0.01
50,4.0,0.25,3,17,3,2,1938.0,0.2
65,3.5,0.5,3,17,3,2,-106.0,-0.105
54,3.333333333333333,0.1333333333333333,1,4,0,2,-320.0,-0.0499999999999999
64,4.0,0.6,3,17,2,1,-1006.0,-1.15
6,3.5,0.0,2,5,0,1,262.0,0.09
56,3.333333333333333,0.1333333333333333,1,3,1,0,-9.0,-0.1866666666666666
64,4.0,0.425,3,17,0,2,92.5,-0.02
23,3.0,0.0,3,13,4,0,1443.0,0.42
45,4.0,0.0,2,5,4,2,1329.0,0.44
58,4.0,0.0,1,7,1,2,174.5,0.44
50,4.0,0.0,1,12,1,2,6.0,0.1
11,4.0,0.0,2,5,0,1,949.0,0.33
63,4.0,0.0,2,11,1,0,376.0,0.22
61,2.5,0.0,3,14,1,2,331.0,0.5
60,4.0,0.0,1,2,1,2,41.0,0.07
71,4.0,0.25,3,17,0,0,972.0,0.17
15,4.0,0.4,2,11,2,1,59.0,0.02
65,2.5,0.25,3,17,2,0,469.0,0.07
44,4.0,0.0,2,5,4,0,558.0,0.14
44,4.0,0.4,2,5,0,2,-591.0,-0.27
32,3.5,0.2,3,13,4,0,339.0,0.2
35,3.75,0.0,1,15,4,0,754.0,0.39
14,4.0,0.0,1,7,1,0,245.0,0.44
4,2.25,0.2,1,1,1,2,-23.5,-0.08
50,3.0,0.6,3,17,2,2,-1295.0,-0.33
19,4.0,0.0,1,12,1,2,53.0,0.42
67,3.333333333333333,0.0,1,7,1,0,67.66666666666667,0.33
45,2.5,0.0,2,5,0,0,0.0,0.0
72,4.0,0.0,2,5,4,2,566.0,0.25
36,2.0,0.4,3,17,3,0,-4490.0,-0.23
72,4.0,0.4,2,5,1,1,-306.0,-0.65
65,4.0,0.25,3,17,2,0,1685.3333333333333,0.25
33,4.0,0.0,3,14,1,0,9.5,0.01
33,3.25,0.2,3,14,1,2,51.25,0.12
46,4.0,0.4,1,4,0,2,-86.0,-0.03
21,2.333333333333333,0.0,2,9,4,2,1185.6666666666667,0.33
19,4.0,0.0,1,12,1,0,163.5,0.33
12,4.0,0.0,2,9,4,0,145.0,0.05
30,3.5,0.0,1,15,1,0,98.5,0.06
62,2.333333333333333,0.1333333333333333,2,9,0,1,-175.66666666666666,-0.0033333333333333
72,4.0,0.2666666666666666,2,5,1,2,-119.66666666666669,-0.2833333333333333
38,4.0,0.8,1,16,1,1,-75.0,-1.75
37,3.0,0.2666666666666666,1,4,0,2,-1265.0,-0.43
50,2.0,0.25,3,17,0,1,-327.0,-0.15
14,4.0,0.0,1,7,1,2,82.0,0.13
71,3.0,0.25,3,17,2,0,-2100.0,-0.09
40,1.0,0.0,2,11,4,1,325.0,0.38
4,4.0,0.0,1,1,1,0,79.75,0.1
71,4.0,0.25,3,17,3,1,86.0,0.01
43,4.0,0.4,2,9,4,1,-558.0,-0.52
44,4.0,0.0,2,5,4,1,276.0,0.34
36,2.0,0.6,3,17,0,0,-1693.0,-0.6
50,4.0,0.0,1,12,1,2,13.0,0.11
41,4.0,0.0,1,4,1,2,24.0,0.03
36,2.5,0.425,3,17,2,0,-1028.0,-0.515
15,4.0,0.0,2,11,1,0,644.0,0.29
70,4.0,0.0,1,16,1,0,308.0,0.49
36,3.0,0.425,3,17,2,0,-2531.0,-0.88
41,4.0,0.0,1,4,0,1,184.0,0.07
17,2.0,0.4,2,10,1,2,-203.0,-0.4
38,4.0,0.2,1,16,1,2,48.0,0.35
62,3.0,0.4,2,9,0,0,-1503.0,-0.28
26,4.0,0.2,1,8,1,2,-26.5,-0.2
64,4.0,0.25,3,17,0,2,-374.0,-0.13
11,3.5,0.2,2,5,4,2,-660.5,-0.2799999999999999
26,3.333333333333333,0.0,1,8,1,0,18.33333333333333,0.08
38,2.0,0.8,1,16,1,1,-106.0,-2.16
71,1.0,0.6,3,17,0,2,-2049.0,-1.1
12,2.5,0.0,2,9,4,1,553.5,0.34
44,4.0,0.0,2,5,4,0,83.0,0.03
71,3.0,0.25,3,17,0,2,1180.0,0.33
64,4.0,0.25,3,17,2,2,1546.0,0.31
36,4.0,0.25,3,17,2,2,844.0,0.13
65,3.0,0.6,3,17,3,2,-2374.0,-0.35
14,4.0,0.0,1,7,1,0,136.0,0.11
64,3.0,0.25,3,17,2,2,-954.0,-0.15
4,4.0,0.0,1,1,1,1,0.0,0.0
45,4.0,0.4,2,5,1,0,88.0,0.12
