maker,deliver_time,discount,category,sub_category,price,profit,sell_num
1,3.727272727272727,2,1,1,4,-0.0945454545454545,2
2,4.25,0,1,2,4,0.34,3
3,4.0,2,1,3,4,0.3341666666666666,2
4,2.25,1,1,1,4,0.0274999999999999,3
5,2.571428571428572,2,1,4,0,0.2857142857142857,0
6,4.5,2,2,5,1,0.23,1
7,3.555555555555556,1,1,3,4,0.1211111111111111,3
8,4.125,2,3,6,2,0.185,2
9,4.0,0,1,7,4,0.08,2
10,4.6,2,1,8,4,0.082,0
11,4.333333333333333,0,2,5,4,0.01,2
12,4.571428571428571,2,2,9,0,0.13,0
13,4.428571428571429,0,1,2,4,0.13,2
14,3.6666666666666665,0,2,10,4,0.26,0
15,3.4,2,2,11,2,0.3399999999999999,3
5,4.125,1,1,4,2,-0.17375,0
16,3.75,0,1,12,4,0.45,3
17,4.166666666666667,2,2,10,4,0.34,2
18,3.2857142857142856,2,1,1,4,0.0742857142857142,2
19,4.111111111111111,2,1,3,4,-0.1999999999999999,0
3,2.6666666666666665,2,1,3,4,0.17,2
20,3.25,0,2,11,4,0.45,2
21,3.6666666666666665,2,2,9,1,0.0966666666666666,2
22,3.333333333333333,2,1,1,4,0.3783333333333333,2
23,5.285714285714286,2,3,13,0,0.0114285714285714,0
24,5.333333333333333,2,3,6,0,0.3366666666666666,3
25,5.285714285714286,1,1,8,4,0.0985714285714285,3
26,4.75,1,1,8,4,0.01,1
27,4.333333333333333,1,2,10,1,0.09,3
28,4.0,2,3,14,4,0.2033333333333333,3
29,3.5,0,1,3,4,0.46,2
30,5.166666666666667,0,1,15,0,0.46,3
31,3.5384615384615383,2,3,6,4,0.3492307692307693,0
32,2.75,2,3,13,0,0.055,2
33,3.1666666666666665,2,3,14,4,-0.1116666666666666,0
34,3.75,2,1,16,4,-0.36,0
9,3.8,0,1,7,4,0.48,1
35,2.8,0,1,15,4,0.34,0
36,3.6666666666666665,1,3,17,1,-0.23,0
14,3.0,0,1,7,4,0.37,0
37,4.8,1,1,4,2,-0.0239999999999999,2
30,3.75,0,1,15,0,0.0,2
38,4.0,3,1,16,4,-1.186,0
7,3.555555555555556,2,1,3,4,0.2422222222222222,2
34,4.5,3,1,16,4,-1.93,3
39,4.636363636363637,0,1,2,4,0.42,2
40,4.5,2,2,11,2,-0.0374999999999999,3
21,3.6666666666666665,1,2,9,1,0.15,0
28,4.25,0,1,15,4,0.44,2
41,3.0,1,1,4,2,-0.04,2
41,4.444444444444445,0,1,4,4,0.0977777777777777,0
42,2.6666666666666665,0,1,15,4,0.48,0
18,3.8461538461538463,2,1,1,4,0.043076923076923,0
10,3.8333333333333335,2,1,8,4,-0.19,2
26,4.142857142857143,1,1,8,4,-0.1085714285714285,0
32,4.6,1,3,13,2,-0.092,3
35,4.75,0,1,15,0,0.38,3
43,4.666666666666667,2,2,9,1,0.2533333333333333,0
44,2.6666666666666665,0,2,5,4,0.12,0
31,4.6,0,1,12,4,0.48,0
10,3.7,2,1,8,4,0.288,0
45,2.75,2,2,5,1,-0.0725,2
46,4.0,1,1,4,1,-0.16,0
47,1.0,1,1,16,4,-0.08,0
9,1.0,0,1,7,4,0.06,0
14,4.0,0,2,10,1,0.26,3
35,4.25,0,1,12,4,0.5,0
48,4.166666666666667,0,1,2,4,0.43,2
49,2.5,2,3,13,0,-0.0375,3
20,2.6666666666666665,2,2,11,0,0.29,1
48,5.0,0,1,2,4,0.09,0
20,4.0,0,2,11,2,0.13375,3
22,4.714285714285714,2,1,1,4,0.19,0
26,3.7142857142857135,0,1,8,4,0.08,0
50,3.4,0,1,12,4,0.17,3
16,3.75,0,1,12,4,0.21,0
31,3.888888888888889,0,1,12,4,0.14,1
4,4.0,2,1,1,4,0.1825,2
43,3.571428571428572,0,2,9,1,0.1014285714285714,0
51,4.0,2,2,9,0,-0.15,0
16,4.75,0,1,12,4,0.45,3
39,3.4,0,1,2,4,0.34,2
28,4.285714285714286,2,3,14,4,-0.0171428571428571,0
31,4.0,0,1,12,4,0.15,2
52,2.4,2,3,14,0,0.316,0
40,4.8,1,2,11,2,-0.2599999999999999,0
29,4.076923076923077,2,1,3,4,0.1223076923076923,0
52,3.375,0,1,15,4,0.28,0
42,4.857142857142857,0,1,15,4,0.43,0
42,4.833333333333333,0,1,15,4,0.44,3
53,4.714285714285714,1,1,1,4,-0.3899999999999999,2
16,4.666666666666667,1,3,6,4,0.1516666666666666,3
25,3.4,2,1,8,4,0.202,1
39,3.0,0,1,2,4,0.1,2
38,3.857142857142857,1,1,16,4,-0.1042857142857143,2
11,4.0,1,2,5,0,0.04,3
22,3.333333333333333,2,1,1,4,-0.1233333333333333,2
54,3.0,0,1,4,4,0.31,0
22,2.4,2,1,1,4,0.354,2
19,4.555555555555555,2,1,3,4,-0.2233333333333333,0
52,4.125,2,3,14,4,-0.1325,2
8,4.0,2,3,6,2,0.323,0
16,4.25,1,3,6,4,-0.2549999999999999,1
17,4.2,0,2,10,4,0.12,2
1,3.0,2,1,1,4,0.354,2
21,3.5,2,2,9,1,0.0675,0
55,3.6,0,1,7,4,0.05,2
56,3.2,2,1,3,4,0.302,1
5,3.5,0,1,4,1,0.02,3
15,4.5,1,2,11,4,0.185,0
57,4.2,2,2,10,1,0.3419999999999999,3
1,3.571428571428572,0,1,1,4,0.19,2
47,3.0,3,1,16,4,-0.8019999999999999,2
19,3.2,1,1,3,4,0.2599999999999999,3
45,1.8333333333333333,1,2,5,0,-0.3599999999999999,0
2,3.8333333333333335,0,1,2,4,0.0999999999999999,3
27,2.333333333333333,2,2,10,0,0.3766666666666666,2
15,3.5,2,2,11,4,0.126,2
35,3.0,0,1,15,0,0.08,0
48,3.111111111111111,0,1,2,4,0.4600000000000001,0
22,3.2857142857142856,0,1,1,4,0.19,3
50,3.857142857142857,1,3,6,0,0.1857142857142857,1
57,4.333333333333333,3,2,10,4,-0.62,2
12,3.571428571428572,0,2,9,0,0.3871428571428571,0
58,3.6,2,2,10,4,0.15,1
3,4.222222222222222,1,1,3,4,-0.1922222222222222,1
50,2.5,0,1,12,4,0.12,2
19,4.727272727272728,2,1,3,4,0.0445454545454545,0
19,3.357142857142857,0,1,3,4,0.0028571428571428,2
31,4.090909090909091,2,3,6,2,0.3663636363636364,2
33,4.8,2,3,14,4,0.002,2
31,4.285714285714286,0,1,12,4,0.32,0
25,4.25,1,1,8,4,-0.095,0
59,4.571428571428571,0,3,13,2,-0.0514285714285714,2
5,2.6666666666666665,0,1,4,2,0.36,3
28,2.5,2,3,14,4,0.1433333333333333,2
60,4.285714285714286,0,1,2,4,0.01,1
8,3.9166666666666665,2,3,6,4,0.02,3
28,3.0,0,1,15,4,0.0,0
58,3.875,0,1,7,4,0.26,0
19,4.0,0,1,12,4,0.11,0
4,2.6666666666666665,2,1,1,4,0.0833333333333333,0
28,4.0,2,3,14,4,0.1333333333333333,3
37,4.5,2,1,4,1,-0.1366666666666667,1
31,3.4,0,3,6,2,0.416,0
18,4.0,2,1,1,4,0.1116666666666666,0
20,4.0,2,2,11,4,0.2159999999999999,2
61,4.0,0,3,14,4,0.26,2
10,4.375,0,1,8,4,0.4349999999999999,0
40,4.857142857142857,0,2,11,0,0.14,2
42,4.428571428571429,0,1,15,4,0.29,0
27,3.875,2,2,10,4,0.00125,0
62,3.25,0,2,9,0,0.21,0
10,3.692307692307693,1,1,8,4,0.2738461538461538,0
55,3.333333333333333,0,1,7,4,0.42,2
37,2.8,2,1,4,4,-0.154,3
52,3.4545454545454546,0,1,15,4,0.1899999999999999,2
41,3.8333333333333335,2,1,4,2,0.1333333333333333,0
44,2.5,1,2,5,0,-0.32,3
63,3.5,1,2,11,0,0.16,0
52,3.555555555555556,2,3,14,4,0.1955555555555555,1
16,4.0,2,3,6,4,0.2825,3
29,3.1666666666666665,2,1,3,4,0.2166666666666666,0
34,3.4,2,1,16,4,0.254,0
12,4.666666666666667,0,2,9,0,0.29,3
35,3.0,0,1,12,4,0.44,3
39,4.4,0,1,2,4,0.12,1
29,5.090909090909091,2,1,3,4,0.0545454545454545,0
64,4.0,3,3,17,2,-0.135,1
57,3.333333333333333,2,2,10,0,0.1783333333333333,3
65,3.5,3,3,17,2,-0.9,0
44,4.25,0,2,5,1,0.04,3
54,3.8333333333333335,2,1,4,4,0.1933333333333333,2
66,4.125,2,2,11,2,-0.1012499999999999,1
25,4.75,1,1,8,4,0.185,0
39,3.8,0,1,2,4,0.07,3
10,3.2777777777777777,2,1,8,4,0.3677777777777777,0
29,3.6,3,1,3,4,-0.38,0
21,4.4,2,2,9,1,0.1879999999999999,2
15,4.0,0,2,11,0,0.43,3
58,4.5,0,1,7,4,0.1999999999999999,1
26,2.4,2,1,8,4,-0.154,3
2,4.5,0,1,2,4,0.44,1
44,3.2,2,2,5,0,0.4,0
34,3.571428571428572,1,1,16,4,-0.53,0
4,3.333333333333333,0,1,1,4,0.34,3
58,4.571428571428571,2,2,10,0,0.1428571428571428,3
65,3.5,4,3,17,2,-0.1725,0
8,4.111111111111111,1,3,6,2,0.0711111111111111,3
57,3.333333333333333,1,2,10,4,0.28,3
19,3.5,0,1,12,4,0.45,0
56,2.625,0,1,3,4,0.27,0
67,3.857142857142857,0,1,7,4,0.48,0
15,3.8,2,2,11,2,0.4,1
15,3.8,2,2,11,0,0.3399999999999999,2
4,4.75,1,1,1,4,-0.2549999999999999,2
30,4.166666666666667,0,1,15,0,0.48,2
28,3.6,0,1,15,4,0.32,2
19,3.142857142857143,2,1,3,4,0.4028571428571428,2
56,3.333333333333333,0,1,3,4,0.26,0
58,3.6,2,2,10,4,-0.192,2
14,3.5,0,2,10,4,0.08,0
53,4.142857142857143,0,1,1,4,0.0685714285714285,2
58,4.333333333333333,1,2,10,4,0.13,2
16,4.2,0,1,12,4,0.12,0
68,4.0,1,1,16,4,-0.8540000000000001,3
4,4.25,0,1,1,4,0.2525,2
16,4.833333333333333,0,1,12,4,0.4699999999999999,2
37,3.2,0,1,4,2,0.31,3
24,3.6,2,3,6,0,-0.1329999999999999,2
27,3.333333333333333,0,2,10,0,0.11,3
44,3.2,0,2,5,4,0.07,2
66,3.1666666666666665,2,2,11,0,0.3333333333333333,1
66,4.25,1,2,11,4,-0.12,3
35,4.25,0,1,12,4,0.41,3
57,3.333333333333333,2,2,10,4,-0.0216666666666666,0
56,3.555555555555556,2,1,3,4,-0.0633333333333333,3
15,4.0,0,2,11,2,0.2657142857142857,0
16,2.857142857142857,0,1,12,4,0.03,0
1,4.2,2,1,1,4,0.036,0
42,2.727272727272727,0,1,15,4,0.35,2
59,3.8,1,3,13,1,-0.286,0
19,4.75,0,1,12,4,0.2,2
46,2.833333333333333,2,1,4,2,-0.0399999999999999,3
33,4.0,1,1,8,4,-0.244,0
56,4.3,1,1,3,4,-0.295,2
63,6.25,2,2,11,0,0.3125,0
31,4.8,0,1,12,4,0.11,0
40,3.0,2,2,11,0,-0.2019999999999999,2
9,3.875,0,1,7,4,0.11,0
42,3.8181818181818175,0,1,15,4,0.0199999999999999,0
45,3.0,3,2,5,1,-0.17,3
19,3.5,0,1,12,4,0.18,2
4,3.0,2,1,1,4,-0.032,0
25,4.5,2,1,8,4,0.0112499999999999,1
44,4.0,0,2,5,1,0.4,3
58,3.875,2,2,10,4,-0.1425,0
10,3.272727272727273,0,1,8,4,0.4372727272727272,0
40,3.4,3,2,11,4,-0.536,0
22,4.75,2,1,1,4,0.0675,0
13,3.4285714285714284,0,1,2,4,0.06,2
24,2.555555555555556,1,3,6,0,-0.2055555555555555,0
16,4.5,0,1,12,4,0.13,2
14,3.8,0,1,7,4,0.15,3
50,3.4444444444444446,2,3,6,4,0.2211111111111111,2
42,3.0,0,1,15,0,0.07,0
11,4.0,0,2,5,4,0.08,3
31,3.5454545454545454,2,3,6,0,0.2627272727272727,3
58,3.7,0,1,7,4,0.11,3
40,4.666666666666667,1,2,11,4,0.295,1
63,4.0,1,2,11,4,0.0649999999999999,0
61,4.166666666666667,2,3,14,4,0.0666666666666666,0
59,4.3,1,3,13,0,0.2249999999999999,0
2,4.4,0,1,2,4,0.36,2
10,4.285714285714286,1,1,8,4,0.0385714285714285,0
49,3.75,2,3,13,2,-0.085,3
24,4.428571428571429,2,3,6,0,-0.1199999999999999,0
52,5.0,0,1,15,0,0.39,1
1,3.2,2,1,1,4,-0.0659999999999999,0
17,2.6,2,2,10,1,-0.078,2
3,3.4,1,1,3,4,0.302,3
41,3.0,1,1,4,1,0.1933333333333333,3
50,3.2857142857142856,2,3,6,0,-0.0999999999999999,3
8,4.545454545454546,1,3,6,2,0.3209090909090909,0
62,4.857142857142857,1,2,9,0,-0.2828571428571428,0
59,3.6,2,3,13,0,0.24,0
5,5.0,2,1,4,2,0.0466666666666666,2
33,4.363636363636363,2,1,8,4,0.1663636363636363,0
42,4.111111111111111,0,1,15,0,0.13,1
24,4.142857142857143,2,3,6,2,0.3528571428571428,2
28,3.7777777777777777,0,1,15,4,0.21,0
35,3.6666666666666665,0,1,15,4,0.36,0
62,3.5,0,2,9,1,0.3824999999999999,2
20,5.0,0,2,11,4,0.11,0
42,4.4,0,1,15,4,0.37,0
41,4.428571428571429,2,1,4,2,-0.1557142857142857,1
19,4.142857142857143,0,1,12,4,0.04,0
20,3.333333333333333,2,2,11,0,-0.0999999999999999,2
44,4.0,0,2,5,1,0.15,3
69,4.166666666666667,2,3,14,4,0.3533333333333333,1
33,3.5,2,3,14,4,0.2883333333333333,2
2,4.0,0,1,2,4,0.42,2
31,3.875,1,3,6,0,0.0975,0
28,3.4285714285714284,0,1,15,4,0.2599999999999999,0
24,4.333333333333333,1,3,6,4,-0.0533333333333333,0
27,4.142857142857143,2,2,10,4,0.0357142857142857,0
7,4.222222222222222,1,1,3,4,-0.16,0
23,3.6666666666666665,2,3,13,0,-0.0766666666666666,1
48,4.75,0,1,2,4,0.11,3
18,3.857142857142857,0,1,1,4,0.0257142857142857,0
50,5.6,0,1,12,4,0.15,1
50,4.142857142857143,1,3,6,2,-0.21,0
70,4.333333333333333,3,1,16,4,-1.163333333333333,2
49,3.8333333333333335,2,3,13,0,0.0116666666666666,3
14,5.0,0,1,7,4,0.24,3
28,4.777777777777778,0,1,15,0,0.5,0
23,5.4,0,3,13,0,0.34,2
20,3.8333333333333335,2,2,11,2,0.1066666666666666,0
61,3.5,2,3,14,4,0.3216666666666667,2
58,2.6666666666666665,0,1,7,4,0.49,0
9,6.0,0,1,7,4,0.0499999999999999,2
53,4.666666666666667,2,1,1,4,-0.15,0
71,5.2,3,3,17,3,-0.256,2
46,3.5,2,1,4,1,-0.0766666666666666,2
63,3.6,2,2,11,0,0.048,2
14,4.333333333333333,0,1,7,4,0.28,0
43,4.666666666666667,2,2,9,1,0.01,1
57,4.5,1,2,10,4,-0.215,1
8,3.25,2,3,6,4,-0.1199999999999999,0
58,4.5,0,1,7,4,0.3599999999999999,2
7,4.333333333333333,2,1,3,4,0.0933333333333333,3
26,3.75,1,1,8,4,-0.2799999999999999,1
32,3.333333333333333,2,3,13,0,-0.0766666666666666,2
5,5.0,1,1,4,4,-0.3166666666666667,3
66,4.833333333333333,1,2,11,4,-0.015,3
8,3.6666666666666665,2,3,13,0,0.0333333333333333,0
45,2.6666666666666665,2,2,5,1,-0.0633333333333333,3
7,4.333333333333333,2,1,3,4,0.0577777777777777,0
52,4.555555555555555,1,3,14,4,0.3,2
23,2.8,2,3,13,0,0.06,3
10,3.7142857142857135,2,1,8,4,0.0657142857142857,0
1,3.7777777777777777,2,1,1,4,-0.1133333333333333,2
66,4.5,0,2,11,4,0.307,2
7,4.5,2,1,3,4,0.208,0
47,3.5,1,1,16,4,-0.8375,2
23,5.25,2,3,13,0,0.1375,2
23,4.5,2,3,13,0,-0.21,2
7,4.166666666666667,1,1,3,4,-0.17,0
43,4.2,0,2,9,0,0.118,0
68,3.1666666666666665,2,1,16,4,0.1966666666666666,3
30,3.2857142857142856,0,1,15,4,0.27,0
2,4.0,0,1,2,4,0.5,0
10,3.333333333333333,2,1,8,4,-0.0466666666666666,2
19,4.142857142857143,2,1,3,4,0.1757142857142856,2
48,4.0,0,1,2,4,0.08,3
13,4.2,0,1,2,4,0.1,3
45,4.666666666666667,1,2,5,0,-0.1533333333333333,2
16,2.833333333333333,1,3,6,0,-0.225,0
29,3.4285714285714284,2,1,3,4,0.3314285714285714,0
28,4.4,0,1,15,4,0.25,0
57,3.333333333333333,2,2,10,4,0.17,2
3,3.888888888888889,2,1,3,4,0.0833333333333333,0
10,3.625,2,1,8,4,0.20875,0
14,3.142857142857143,0,1,7,4,0.11,2
28,3.8,2,3,14,4,0.24,0
25,4.166666666666667,2,1,8,4,0.12,1
53,3.1666666666666665,0,1,1,4,0.48,3
24,4.857142857142857,2,3,6,4,-0.0371428571428571,0
3,4.166666666666667,2,1,3,4,-0.0666666666666666,1
33,4.625,2,3,14,0,0.2175,0
29,4.0,0,1,3,4,0.11,3
42,3.25,0,1,15,4,0.28,2
8,3.6666666666666665,1,3,6,0,0.1066666666666666,3
50,3.8,0,1,12,4,0.2,0
5,4.375,1,1,4,1,-0.0349999999999999,2
59,5.0,1,3,13,0,-0.1433333333333333,3
8,3.9166666666666665,1,3,6,4,-0.0116666666666666,0
3,4.833333333333333,2,1,3,4,0.3766666666666666,0
31,4.375,1,3,6,4,0.0374999999999999,2
34,3.6666666666666665,1,1,16,4,-0.6633333333333334,0
41,4.75,2,1,4,1,0.055,0
54,3.9,2,1,4,2,0.24,2
10,3.125,1,1,8,4,-0.0775,1
39,4.0,0,1,2,4,0.43,1
57,3.2857142857142856,2,2,10,1,0.19,0
20,3.8333333333333335,2,2,11,2,-0.0266666666666666,2
48,5.75,0,1,2,4,0.25,2
62,4.25,2,2,9,1,-0.1324999999999999,3
57,4.444444444444445,2,2,10,4,0.0011111111111111,0
29,3.7,2,1,3,4,0.0699999999999999,0
28,3.5,1,3,14,0,-0.255,1
70,3.6,4,1,16,4,-2.382,3
34,4.666666666666667,1,1,16,4,-0.5766666666666667,0
3,3.8,0,1,3,4,0.31,1
35,3.5,0,1,15,0,0.4600000000000001,0
5,3.5,2,1,4,0,0.3216666666666667,1
56,2.0,0,1,3,4,0.01,2
53,4.625,1,1,1,4,-0.20625,0
27,3.0,1,2,10,1,-0.065,0
3,3.4,0,1,3,4,0.147,3
21,4.0,0,2,9,0,0.1242857142857143,2
40,3.5,0,2,11,2,0.04,3
57,4.25,2,2,10,4,0.1025,2
72,4.0,3,2,5,4,-0.27,2
50,3.0,2,3,6,2,0.216,0
15,4.2,0,2,11,0,0.05,3
51,2.5,0,2,9,1,0.3,3
15,4.75,2,2,11,0,-0.1199999999999999,2
10,4.0,2,1,8,4,-0.0239999999999999,2
25,4.428571428571429,1,1,8,4,0.1299999999999999,0
23,2.75,0,3,13,0,0.06875,2
14,3.25,0,1,7,4,0.44,2
8,3.4545454545454546,2,3,6,0,0.0336363636363636,3
33,3.1666666666666665,2,1,8,4,0.2116666666666666,0
59,4.333333333333333,1,3,13,0,0.265,1
21,5.0,0,2,9,0,0.28,2
9,4.2,0,1,7,4,0.16,3
15,4.25,2,2,11,4,0.1825,0
33,3.75,1,1,8,4,0.0225,0
29,3.0,2,1,3,4,0.2225,0
42,3.8,0,1,15,4,0.1699999999999999,0
68,3.0,0,1,16,4,0.16,0
50,3.75,2,3,6,0,0.2133333333333333,2
68,5.166666666666667,1,1,16,4,0.0366666666666666,1
43,5.6,2,2,9,1,0.32,2
69,4.5,0,3,14,4,0.47,4
8,4.2727272727272725,1,3,13,1,-0.0409090909090909,1
50,4.0,4,3,17,2,-1.2,0
52,4.2,2,3,14,4,0.06,3
29,3.625,2,1,3,4,0.2175,0
50,6.5,3,3,17,2,-0.275,0
54,4.0,0,1,4,4,0.34,2
7,3.3,2,1,3,4,0.146,2
43,3.6666666666666665,0,2,9,0,0.3799999999999999,0
43,4.333333333333333,2,2,9,0,-0.1666666666666666,2
33,4.857142857142857,2,1,8,4,0.1557142857142857,3
58,4.857142857142857,0,1,7,4,0.21,0
33,4.571428571428571,2,1,8,4,0.1171428571428571,2
39,4.333333333333333,0,1,2,4,0.33,1
45,3.5,0,2,5,1,0.36,2
3,3.75,2,1,3,4,0.1987499999999999,0
32,4.166666666666667,2,3,13,1,0.3333333333333333,2
13,3.888888888888889,0,1,2,4,0.27,2
7,4.0,2,1,3,4,0.352,0
31,4.25,2,3,6,2,0.0475,2
58,4.5,2,2,10,4,0.4175,0
62,4.0,2,2,9,0,0.31125,0
52,4.0,0,1,15,4,0.08,3
69,4.0,2,3,14,0,-0.0449999999999999,1
17,2.833333333333333,1,2,10,4,-0.1966666666666666,0
13,3.0,0,1,2,4,0.5,2
22,2.5,0,1,1,4,0.01,3
71,4.0,1,3,17,1,-0.09,0
56,3.555555555555556,2,1,3,4,0.1566666666666666,0
2,3.125,0,1,2,4,0.07,0
22,3.5,0,1,1,4,0.02,1
55,4.666666666666667,0,1,7,4,0.28,0
17,4.5,2,2,10,4,-0.0866666666666666,3
42,4.0,0,1,15,4,0.3,0
52,3.0,2,3,14,4,0.074,2
69,3.6,2,3,14,4,0.026,3
70,4.6,4,1,16,4,-2.7380000000000004,0
50,2.8,0,1,12,4,0.22,0
44,4.666666666666667,2,2,5,0,0.2066666666666666,2
33,4.153846153846154,2,3,14,4,0.1184615384615384,0
58,4.285714285714286,0,2,10,0,0.1899999999999999,0
18,4.666666666666667,2,1,1,4,0.3166666666666666,2
54,3.0,2,1,4,1,0.1879999999999999,3
10,4.090909090909091,2,1,8,4,0.169090909090909,2
9,3.5,0,1,7,4,0.43,0
13,3.0,0,1,2,4,0.28,0
51,3.6,2,2,9,1,0.202,0
53,5.25,2,1,1,4,-0.12,0
60,3.375,0,1,2,4,0.15,0
16,4.2,1,3,6,4,-0.366,2
30,4.142857142857143,0,1,15,4,0.23,1
52,4.4,2,3,14,4,0.026,0
31,3.0,0,1,12,4,0.35,1
38,3.6666666666666665,3,1,16,4,-0.8133333333333335,3
61,3.888888888888889,1,3,14,4,0.2755555555555555,0
48,3.5,0,1,2,4,0.22,3
8,3.142857142857143,0,3,6,4,0.37,2
16,3.7142857142857135,2,3,6,4,0.3942857142857142,0
67,3.8,0,1,7,4,0.5,0
50,5.0,0,1,12,4,0.3,2
39,4.25,0,1,2,4,0.44,3
20,4.444444444444445,1,2,11,0,-0.1033333333333333,0
27,3.8333333333333335,2,2,10,4,0.2166666666666666,0
19,3.4,0,1,12,4,0.11,0
46,4.25,1,1,4,2,-0.335,3
70,4.428571428571429,0,1,16,4,-0.0185714285714285,0
14,4.2,2,2,10,4,-0.078,1
46,3.0,2,1,4,0,0.34,1
49,3.571428571428572,2,3,13,0,0.4057142857142857,0
8,3.4,0,3,13,1,0.11,0
12,4.285714285714286,2,2,9,1,-0.1657142857142857,1
70,3.6666666666666665,3,1,16,4,-0.4566666666666666,0
28,3.333333333333333,2,3,14,4,0.4216666666666666,1
31,4.6,0,1,12,4,0.01,0
17,4.5,0,2,10,4,0.31,2
43,2.25,1,2,9,1,0.175,2
50,3.7777777777777777,1,3,6,4,-0.1611111111111111,3
60,3.8333333333333335,0,1,2,4,0.1999999999999999,0
24,4.875,2,3,6,4,0.3749999999999999,2
17,4.0,2,2,10,0,0.1785714285714285,3
31,4.25,0,1,12,4,0.1,0
43,2.8,0,2,9,0,0.4,0
51,3.0,1,2,9,0,0.05875,0
8,2.6,1,3,6,0,-0.198,0
44,4.166666666666667,0,2,5,4,0.25,2
66,4.428571428571429,2,2,11,4,-0.1299999999999999,3
28,3.4,0,1,15,0,0.1699999999999999,0
2,4.5,0,1,2,4,0.41,2
57,4.6,1,2,10,4,0.218,1
50,2.0,4,3,17,1,-1.05,1
55,3.4285714285714284,0,1,7,4,0.01,0
46,4.5,0,1,4,0,0.3175,3
70,3.5,3,1,16,4,-1.025,0
8,3.2,2,3,13,2,-0.0779999999999999,2
2,4.076923076923077,0,1,2,4,0.05,3
43,3.4285714285714284,0,2,9,1,0.2114285714285714,0
49,4.142857142857143,0,3,13,1,0.2114285714285714,0
22,3.636363636363636,2,1,1,4,0.2327272727272727,2
60,2.6666666666666665,0,1,2,4,0.17,2
66,4.666666666666667,1,2,11,0,-0.3433333333333333,0
11,3.5,1,2,5,1,-0.295,0
24,4.230769230769231,1,3,6,0,-0.1307692307692307,2
56,3.1666666666666665,2,1,3,4,0.145,2
14,4.25,1,2,10,0,-0.335,3
19,2.6666666666666665,0,1,12,4,0.12,0
66,2.857142857142857,0,2,11,0,0.43,0
26,3.75,2,1,8,4,-0.0274999999999999,0
29,4.625,2,1,3,4,0.2875,3
37,3.6666666666666665,1,1,4,2,-0.055,2
17,3.6666666666666665,1,2,10,4,0.2249999999999999,0
52,2.25,1,3,14,4,-0.295,3
28,4.2,0,1,15,4,0.4699999999999999,2
24,4.0,2,3,6,0,0.3666666666666667,0
58,4.0,0,2,10,0,0.38,2
9,4.0,0,1,7,4,0.46,0
19,3.0,2,1,3,4,0.32125,2
3,2.571428571428572,1,1,3,4,-0.2328571428571428,0
56,4.833333333333333,2,1,3,4,0.1,2
64,7.0,1,3,17,3,0.12,0
1,1.3333333333333333,2,1,1,4,0.2799999999999999,2
58,2.0,0,1,7,4,0.12,0
8,3.2,0,3,13,0,0.4600000000000001,3
14,3.6666666666666665,0,1,7,4,0.26,2
35,3.5,0,1,15,4,0.22,3
11,4.5,2,2,5,0,0.0466666666666666,2
16,5.5,1,3,6,0,-0.225,0
47,2.0,0,1,16,4,0.2,4
14,3.6666666666666665,0,1,7,4,0.23,2
45,3.6,0,2,5,0,0.4600000000000001,0
44,3.8333333333333335,2,2,5,1,-0.0766666666666666,1
14,5.4,0,1,7,4,0.1,2
72,5.0,2,2,5,1,0.18,3
46,3.333333333333333,2,1,4,2,0.12,3
19,3.625,0,1,12,4,0.02,0
30,3.8333333333333335,0,1,15,0,0.02,2
20,4.333333333333333,2,2,11,4,-0.1,0
63,3.5,0,2,11,4,0.31,2
45,5.0,2,2,5,4,-0.04,1
19,4.2,0,1,12,4,0.28,0
52,4.0,0,1,15,4,0.3999999999999999,1
52,4.428571428571429,0,1,15,4,0.45,0
54,3.0,2,1,4,4,-0.178,2
58,4.333333333333333,2,2,10,4,0.1216666666666666,1
72,4.333333333333333,0,2,5,1,0.19,1
52,4.285714285714286,2,3,14,4,-0.0714285714285714,3
31,4.285714285714286,2,3,6,0,-0.0485714285714285,2
70,3.4,3,1,16,4,-1.412,3
28,4.333333333333333,0,1,15,0,0.37,3
25,3.857142857142857,2,1,8,4,-0.0257142857142857,2
16,4.5,0,1,12,4,0.0,1
70,3.5,2,1,16,4,0.325,2
14,4.0,0,2,10,1,0.05,3
55,3.0,0,1,7,4,0.16,2
16,2.875,1,3,6,2,0.15125,0
72,4.5,1,2,5,0,0.32,2
8,2.875,2,3,13,0,0.2125,0
18,3.75,1,1,1,4,0.0549999999999999,2
16,2.0,0,1,12,4,0.15,3
21,4.5,0,2,9,1,0.17,1
35,3.6666666666666665,0,1,12,4,0.06,0
58,4.5,0,1,7,4,0.13,1
56,4.333333333333333,2,1,3,4,0.2888888888888889,2
39,4.571428571428571,0,1,2,4,0.1999999999999999,0
19,3.75,2,1,3,4,-0.1074999999999999,2
8,3.125,1,3,6,4,0.31,0
8,4.111111111111111,2,3,6,4,-0.1022222222222222,0
68,3.5,1,1,16,4,-0.5999999999999999,0
63,4.333333333333333,2,2,11,0,0.06,2
17,3.6,2,2,10,1,0.354,0
5,4.25,1,1,4,2,-0.095,0
59,4.5,3,3,13,2,-0.3,3
58,3.0,0,1,7,4,0.3,2
31,3.6666666666666665,0,1,12,4,0.15,0
23,4.0,2,3,13,1,0.3214285714285714,0
65,5.0,3,3,17,1,-0.2633333333333333,3
67,4.142857142857143,0,1,7,4,0.32,0
38,3.75,3,1,16,4,-1.45,1
10,4.3,0,1,8,4,0.288,1
16,5.0,0,1,12,4,0.34,0
18,4.333333333333333,0,1,1,4,0.11,0
34,4.4,1,1,16,4,-0.276,0
60,3.333333333333333,0,1,2,4,0.16,0
52,3.1666666666666665,0,1,15,0,0.25,0
21,4.6,2,2,9,1,-0.088,0
40,4.5,1,2,11,0,0.28,3
23,4.307692307692308,1,3,13,0,0.24,1
13,4.0,0,1,2,4,0.45,0
12,3.0,1,2,9,1,0.144,2
60,4.0,0,1,2,4,0.48,2
53,2.75,1,1,1,4,-0.2,2
56,3.2,2,1,3,4,0.048,2
24,4.285714285714286,2,3,6,4,0.2328571428571428,3
28,4.0,0,1,15,0,0.5,2
16,4.555555555555555,2,3,6,0,1.2335811384723961e-17,0
48,4.8,0,1,2,4,0.22,2
35,2.833333333333333,0,1,12,4,0.3799999999999999,2
20,4.222222222222222,1,2,11,0,-0.1355555555555555,0
13,2.4,0,1,2,4,0.03,2
23,4.833333333333333,2,3,13,0,0.1066666666666666,0
32,2.6666666666666665,0,3,13,0,0.18,2
70,3.5,3,1,16,4,-0.7266666666666666,2
45,4.0,1,2,5,4,0.12,0
22,4.0,2,1,1,4,-0.0766666666666666,2
60,4.0,0,1,2,4,0.18,2
65,5.5,3,3,17,2,0.13,1
53,2.8,0,1,1,4,0.13,0
29,4.166666666666667,2,1,3,4,-0.0216666666666666,2
46,3.1666666666666665,2,1,4,4,0.4216666666666666,0
37,5.4,2,1,4,1,-0.2019999999999999,0
46,5.0,1,1,4,4,-0.092,0
19,3.0,1,1,3,4,0.2466666666666666,3
62,3.333333333333333,1,2,9,1,0.1849999999999999,0
57,2.875,0,2,10,0,0.285,0
56,4.25,2,1,3,4,0.06,2
34,5.142857142857143,3,1,16,4,-1.758571428571429,3
31,5.0,0,1,12,4,0.02,2
17,2.25,2,2,10,4,0.2875,0
19,4.5,0,1,12,4,0.3,1
4,4.8,2,1,1,4,0.422,1
42,3.4,0,1,15,0,0.0099999999999999,2
47,1.0,4,1,16,4,-2.61,0
47,4.625,3,1,16,4,-1.1525,2
33,4.5,2,1,8,4,0.1216666666666666,0
62,3.4,1,2,9,1,-0.2339999999999999,2
16,3.6666666666666665,0,1,12,4,0.42,0
62,3.25,0,2,9,0,0.26375,2
14,4.666666666666667,0,2,10,4,0.34,2
7,3.7142857142857135,0,1,3,4,0.1014285714285714,3
50,3.5,2,3,6,0,-0.1259999999999999,0
28,3.0,2,3,14,4,0.0714285714285714,3
48,4.833333333333333,0,1,2,4,0.3599999999999999,1
33,3.4,2,3,14,4,0.24,0
49,3.875,2,3,13,0,-0.0375,0
5,3.571428571428572,0,1,4,4,0.0585714285714285,0
67,4.0,0,1,7,4,0.08,2
42,4.6,0,1,15,4,0.11,2
34,4.25,1,1,16,4,-0.65,0
8,4.0,0,3,13,0,0.12,4
63,2.111111111111111,2,2,11,2,0.0922222222222222,0
35,4.8,0,1,12,4,0.21,2
39,4.5,0,1,2,4,0.38,3
6,5.666666666666667,1,2,5,0,0.1933333333333333,3
20,4.5,2,2,11,0,0.2166666666666666,0
34,4.166666666666667,3,1,16,4,-1.2616666666666667,0
37,2.5,1,1,4,4,-0.065,0
50,3.8333333333333335,0,1,12,4,0.3,0
50,4.833333333333333,0,1,12,4,0.4699999999999999,0
37,4.166666666666667,2,1,4,4,0.0466666666666666,0
33,4.444444444444445,2,3,14,4,0.2066666666666666,2
24,3.1666666666666665,2,3,6,2,0.1949999999999999,3
56,4.5,2,1,3,4,0.1099999999999999,2
48,4.222222222222222,0,1,2,4,0.1,2
5,3.6666666666666665,2,1,4,2,0.2988888888888888,2
31,2.75,0,3,6,4,0.2312499999999999,2
48,3.2,0,1,2,4,0.2800000000000001,3
47,4.0,3,1,16,4,-1.53,0
59,3.5,2,3,13,0,0.09,0
41,2.5,1,1,4,2,0.175,2
4,3.2857142857142856,0,1,1,4,0.4528571428571428,2
36,3.6666666666666665,3,3,17,2,-0.2133333333333333,0
16,5.125,2,3,6,4,0.20375,2
50,4.6,1,3,6,0,0.0069999999999999,2
33,4.166666666666667,2,3,14,4,0.1566666666666666,3
55,4.833333333333333,0,1,7,4,0.22,3
38,5.25,3,1,16,4,-1.405,3
24,4.0,2,3,6,4,0.1671428571428571,0
33,3.857142857142857,2,1,8,4,-0.1785714285714285,1
56,4.0,1,1,3,4,0.28,0
16,4.375,0,1,12,4,0.45,0
61,3.4,0,3,14,4,0.32,2
68,4.666666666666667,1,1,16,4,-0.2433333333333333,0
24,3.2,2,3,6,2,-0.223,3
9,1.6666666666666667,0,1,7,4,0.48,2
51,5.0,2,2,9,0,-0.148,0
40,2.375,2,2,11,4,-0.1999999999999999,0
67,5.0,0,1,7,4,0.49,0
19,4.4,2,1,3,4,0.2309999999999999,0
58,5.0,1,2,10,1,-0.0133333333333333,2
35,3.333333333333333,0,1,15,4,0.02,0
46,4.4,2,1,4,2,-0.164,2
40,2.4285714285714284,2,2,11,4,0.0742857142857143,0
25,3.5,2,1,8,4,0.135,0
14,3.0,1,2,10,0,0.1599999999999999,2
5,5.0,0,1,4,1,0.29,1
24,3.642857142857143,2,3,6,0,-0.0792857142857142,2
28,5.666666666666667,0,1,15,4,0.49,0
23,3.333333333333333,0,3,13,2,0.32,1
14,3.0,0,2,10,4,0.34,0
20,3.6,2,2,11,4,-0.1259999999999999,2
24,2.571428571428572,2,3,6,4,0.3271428571428571,0
14,4.0,0,1,7,4,0.23,1
52,4.0,0,1,15,4,0.46,3
9,5.333333333333333,0,1,7,4,0.3699999999999999,2
66,4.5,2,2,11,0,0.1375,0
47,3.142857142857143,3,1,16,4,-1.3614285714285717,0
59,3.1666666666666665,2,3,13,0,0.1116666666666666,0
13,3.142857142857143,0,1,2,4,0.29,0
58,3.5,2,2,10,4,0.0333333333333333,0
28,3.7777777777777777,2,3,14,4,0.4144444444444445,2
68,4.2,3,1,16,4,-0.51,3
14,4.0,0,1,7,4,0.15,2
41,3.6666666666666665,2,1,4,4,-0.1133333333333333,2
52,4.333333333333333,0,1,15,4,0.3199999999999999,0
14,4.666666666666667,2,2,10,0,0.0233333333333333,0
34,4.0,3,1,16,4,-1.07,3
69,4.25,0,3,14,0,0.5,1
28,3.25,0,1,15,4,0.03,0
49,3.555555555555556,0,3,13,2,0.2266666666666666,0
13,4.0,0,1,2,4,0.4699999999999999,2
33,5.0,2,3,14,4,-0.0266666666666666,0
46,4.666666666666667,0,1,4,4,0.11,3
4,2.833333333333333,2,1,1,4,0.3266666666666666,1
52,4.25,0,1,15,0,0.08,0
35,4.285714285714286,0,1,15,0,0.23,0
52,4.428571428571429,2,3,14,4,0.2428571428571428,0
40,3.25,0,2,11,0,0.2,0
35,3.2,0,1,15,4,0.43,0
7,3.7142857142857135,2,1,3,4,0.0585714285714285,0
69,3.333333333333333,2,3,14,4,0.1433333333333333,2
41,5.0,0,1,4,4,0.29,2
51,4.0,2,2,9,1,-0.15,0
16,3.0,2,3,6,2,0.1085714285714285,3
51,3.75,2,2,9,0,0.09,1
8,4.4,2,3,13,0,0.274,1
38,5.0,3,1,16,4,-1.8066666666666664,3
4,2.8,2,1,1,4,-0.0199999999999999,0
7,5.0,1,1,3,4,0.335,3
20,3.8,2,2,11,0,-0.24,1
20,3.111111111111111,1,2,11,0,-0.1966666666666666,0
45,2.0,0,2,5,0,0.47,0
12,3.0,1,2,9,1,-0.3433333333333333,2
29,4.666666666666667,2,1,3,4,0.0333333333333333,2
54,4.666666666666667,2,1,4,2,0.0116666666666666,0
40,3.571428571428572,2,2,11,0,0.2814285714285714,3
69,3.6,2,3,14,4,0.292,0
61,3.8,2,3,14,4,0.376,0
34,4.5,3,1,16,4,-1.345,1
50,3.5,0,1,12,4,0.04,2
20,3.857142857142857,1,2,11,0,0.1871428571428571,2
47,3.4,2,1,16,4,-0.368,0
46,4.166666666666667,2,1,4,4,0.4116666666666666,0
8,4.0,2,3,6,0,0.0833333333333333,3
33,5.25,1,3,14,4,0.0225,0
37,3.8,2,1,4,4,0.308,1
13,2.4,0,1,2,4,0.49,3
9,4.0,0,1,7,4,0.06,3
18,4.5,0,1,1,4,0.14,2
22,5.5,2,1,1,4,0.335,0
31,3.5,0,1,12,4,0.11,0
22,4.0,0,1,1,4,0.28,2
32,4.333333333333333,1,3,13,0,0.22,3
7,4.5,1,1,3,4,-0.025,2
26,3.111111111111111,2,1,8,4,0.2033333333333333,2
52,5.166666666666667,0,1,15,4,0.12,3
1,3.6666666666666665,2,1,1,4,0.3033333333333333,3
52,4.0,0,1,15,4,0.36,2
37,3.0,0,1,4,4,0.1242857142857143,3
50,4.0,2,3,6,2,0.17375,2
10,3.2857142857142856,2,1,8,4,0.3221428571428571,2
3,3.5,2,1,3,4,0.2666666666666666,2
10,3.0,2,1,8,4,0.0566666666666666,0
46,2.5,0,1,4,0,0.36,2
57,4.6,2,2,10,4,-0.04,1
34,5.0,2,1,16,4,0.2,1
19,4.285714285714286,0,1,3,4,0.31,0
50,2.75,2,3,6,4,-0.0562499999999999,2
13,4.25,0,1,2,4,0.37,0
22,5.0,2,1,1,4,0.194,2
22,4.5,1,1,1,4,0.0549999999999999,0
33,4.166666666666667,2,1,8,4,-0.0783333333333333,2
27,4.0,1,2,10,0,0.24,3
32,4.5,0,3,13,0,0.19,2
43,5.25,1,2,9,1,-0.32,1
59,4.333333333333333,0,3,13,0,0.0,2
68,3.625,1,1,16,4,-0.2449999999999999,0
19,3.5,0,1,12,4,0.5,3
59,3.6,2,3,13,1,0.184,0
50,4.0,0,1,12,4,0.04,1
58,3.5,0,1,7,4,0.15,2
8,3.4285714285714284,0,3,13,0,0.3757142857142858,1
47,4.166666666666667,3,1,16,4,-0.5966666666666666,2
61,3.333333333333333,2,3,14,0,0.0477777777777777,2
44,4.0,2,2,5,4,-0.2233333333333333,0
7,4.166666666666667,2,1,3,4,-0.0633333333333333,3
21,4.142857142857143,2,2,9,0,0.4057142857142857,3
21,4.666666666666667,2,2,9,0,-0.0499999999999999,0
7,3.75,1,1,3,4,-0.0799999999999999,0
29,3.142857142857143,0,1,3,4,0.1457142857142857,2
31,5.25,2,3,6,0,0.09,3
16,5.0,2,3,6,0,0.151,2
8,3.1666666666666665,2,3,13,0,-0.0999999999999999,2
15,2.6,2,2,11,0,0.094,2
45,2.8,2,2,5,1,0.1379999999999999,2
51,1.8,2,2,9,0,0.2319999999999999,1
9,4.333333333333333,0,1,7,4,0.12,2
10,4.571428571428571,2,1,8,4,0.1114285714285714,0
31,3.5,2,3,6,0,0.05625,3
69,4.666666666666667,2,3,14,4,-0.2125,0
9,4.142857142857143,0,1,7,4,0.43,2
2,4.2,0,1,2,4,0.22,0
40,3.4285714285714284,2,2,11,4,-0.0485714285714285,0
69,4.25,0,3,14,4,0.09,2
24,3.75,2,3,6,0,0.1208333333333333,2
25,4.75,1,1,8,4,0.025,3
13,4.714285714285714,0,1,2,4,0.25,3
30,4.583333333333333,0,1,15,4,0.4400000000000001,0
9,3.7777777777777777,0,1,7,4,0.04,2
56,3.8,2,1,3,4,0.376,2
50,0.0,1,3,17,3,0.0,2
2,4.25,0,1,2,4,0.06,0
33,3.5,2,1,8,4,0.3575,0
16,4.75,2,3,6,4,0.0725,3
12,4.0,0,2,9,1,0.35,2
30,4.8,0,1,15,4,0.07,0
52,2.857142857142857,0,3,14,4,0.1014285714285714,3
28,4.4,2,3,14,4,-0.1159999999999999,0
3,3.571428571428572,2,1,3,4,-0.0357142857142857,2
61,4.6,2,3,14,4,0.184,0
30,3.9,0,1,15,0,0.39,0
67,3.8,0,1,7,4,0.16,0
24,3.7142857142857135,2,3,6,0,0.01,3
67,5.5,0,1,7,4,0.38,1
52,4.571428571428571,2,3,14,0,0.2271428571428571,0
66,4.75,0,2,11,2,0.11,2
59,3.8333333333333335,1,3,13,0,0.0,3
31,4.1,2,3,6,4,0.217,0
9,1.6666666666666667,0,1,7,4,0.5,3
1,2.625,0,1,1,4,0.04625,0
52,3.25,2,3,14,4,0.2075,2
8,3.5,2,3,13,0,0.2175,2
23,4.909090909090909,1,3,13,0,0.2481818181818182,2
47,4.0,3,1,16,4,-1.1125,2
49,2.375,2,3,13,2,0.1375,0
66,4.5,2,2,11,4,-0.2233333333333333,1
17,3.571428571428572,0,2,10,4,0.1571428571428571,0
19,4.2,0,1,12,4,0.49,2
55,4.285714285714286,0,1,7,4,0.25,0
50,4.0,0,1,12,4,0.31,3
35,2.6666666666666665,0,1,12,4,0.22,2
37,4.555555555555555,2,1,4,0,-0.1,2
61,5.0,0,3,14,4,0.08,2
55,3.75,0,1,7,4,0.32,2
67,3.8,0,1,7,4,0.05,0
43,4.833333333333333,0,2,9,0,0.39,2
38,4.285714285714286,0,1,16,4,0.1757142857142857,3
19,3.5,2,1,3,4,0.164,0
19,3.7142857142857135,0,1,12,4,0.29,2
6,4.8,0,2,5,1,0.19,0
9,4.0,0,1,7,4,0.35,0
70,5.0,1,1,16,4,0.0,2
38,4.0,3,1,16,4,-1.386,0
35,3.0,0,1,12,4,0.24,3
40,4.166666666666667,2,2,11,0,0.2166666666666666,2
37,4.1,1,1,4,4,0.025,2
20,4.0,2,2,11,2,0.2914285714285714,3
55,4.333333333333333,0,1,7,4,0.31,3
44,3.5,0,2,5,1,0.33,0
16,3.0,0,1,12,4,0.2,0
55,4.142857142857143,0,1,7,4,0.48,3
20,4.0,2,2,11,0,-0.192,0
33,3.5,1,1,8,4,-0.08,2
11,3.5,0,2,5,4,0.18,0
32,5.2,2,3,13,0,-0.216,1
13,2.0,0,1,2,4,0.42,3
5,4.666666666666667,2,1,4,2,0.0699999999999999,2
20,2.833333333333333,1,2,11,0,-0.295,3
31,4.2,3,3,6,0,-0.372,0
4,4.2,1,1,1,4,-0.286,0
51,3.333333333333333,2,2,9,1,-0.0911111111111111,2
53,3.2,2,1,1,4,0.2739999999999999,3
53,3.4444444444444446,2,1,1,4,-0.04,0
43,3.5,2,2,9,0,0.2883333333333333,2
35,4.0,0,1,12,4,0.49,0
18,3.8333333333333335,1,1,1,4,-0.0399999999999999,3
12,4.333333333333333,2,2,9,0,-0.1866666666666666,0
42,4.0,0,1,15,0,0.37,0
6,3.5,0,2,5,0,0.08,3
47,2.5,1,1,16,4,-1.2366666666666666,2
58,2.5,2,2,10,4,0.125,2
20,3.6666666666666665,2,2,11,4,0.3766666666666666,0
8,3.4,1,3,6,4,0.3419999999999999,2
36,5.0,3,3,17,2,-0.26,3
17,2.333333333333333,0,2,10,0,0.3899999999999999,2
50,4.333333333333333,0,1,12,4,0.37,2
61,5.0,2,3,14,4,-0.088,0
29,4.571428571428571,2,1,3,4,0.1899999999999999,2
16,4.0,0,1,12,4,0.5,2
6,4.333333333333333,2,2,5,1,0.3266666666666666,2
35,4.6,0,1,12,4,0.2,0
51,3.6666666666666665,2,2,9,1,-0.1416666666666666,1
21,3.6666666666666665,2,2,9,1,0.4116666666666666,0
58,4.25,0,1,7,4,0.0,3
68,3.0,1,1,16,4,-0.8240000000000001,2
58,5.0,2,2,10,4,0.0675,3
18,3.25,2,1,1,4,0.055,2
50,5.0,2,3,6,0,0.2885714285714285,0
28,4.5,0,1,15,4,0.39,0
57,3.8,0,2,10,0,0.38,2
60,3.6666666666666665,0,1,2,4,0.11,1
66,4.0,0,2,11,0,0.11,3
51,3.857142857142857,2,2,9,1,-0.1914285714285714,3
18,2.5,2,1,1,4,0.23,3
29,4.2727272727272725,2,1,3,4,0.3154545454545455,2
31,5.5,2,3,6,4,-0.0025,2
33,4.333333333333333,1,1,8,4,-0.0299999999999999,1
3,3.6666666666666665,1,1,3,4,0.33,2
16,3.8,1,3,6,0,-0.194,3
8,3.857142857142857,2,3,13,1,0.1428571428571428,2
51,4.75,2,2,9,0,0.3825,0
59,3.6,2,3,13,0,0.196,1
35,3.2857142857142856,0,1,15,4,0.3,3
41,3.8333333333333335,2,1,4,4,0.0699999999999999,3
60,4.6,0,1,2,4,0.48,2
72,4.0,0,2,5,0,0.48,4
62,4.333333333333333,2,2,9,0,-0.1233333333333333,3
39,3.6666666666666665,0,1,2,4,0.06,0
33,4.0,2,3,14,4,0.0966666666666666,1
11,3.142857142857143,2,2,5,0,0.3442857142857143,1
16,4.666666666666667,0,3,6,4,0.3999999999999999,3
14,3.8,0,2,10,0,0.4699999999999999,3
27,5.5,0,2,10,4,0.15,3
6,3.6666666666666665,0,2,5,0,0.01,3
55,3.4,0,1,7,4,0.11,2
2,4.8,0,1,2,4,0.13,0
67,4.333333333333333,0,1,7,4,0.08,0
6,5.0,0,2,5,0,0.15,3
2,3.75,0,1,2,4,0.3,3
50,4.666666666666667,0,1,12,4,0.25,0
29,4.125,0,1,3,4,-0.01875,2
41,5.0,0,1,4,2,0.22,0
63,4.428571428571429,2,2,11,0,0.2042857142857142,0
11,4.0,2,2,5,4,0.2166666666666666,2
30,4.5,0,1,15,4,0.21,0
39,3.333333333333333,0,1,2,4,0.1,3
54,5.5,2,1,4,2,-0.05,0
58,5.166666666666667,1,2,10,0,0.28,2
12,3.571428571428572,2,2,9,1,0.2428571428571428,3
12,3.4,2,2,9,1,0.076,3
58,4.166666666666667,0,1,7,4,0.04,2
37,3.6666666666666665,2,1,4,4,-0.0116666666666666,0
42,4.0,0,1,15,4,0.04,3
29,4.166666666666667,2,1,3,4,-0.1116666666666666,2
37,5.5,2,1,4,4,0.325,1
31,4.25,0,1,12,4,0.12,2
10,4.0,2,1,8,4,0.1784615384615384,2
58,4.444444444444445,0,1,7,4,0.09,0
35,4.666666666666667,0,1,15,4,0.05,0
41,3.857142857142857,0,1,4,4,0.3642857142857142,0
33,3.5,2,1,8,4,0.06,2
55,3.4,0,1,7,4,0.26,0
6,5.0,1,2,5,4,0.09,3
54,4.714285714285714,2,1,4,1,-0.1571428571428571,0
34,5.0,1,1,16,4,-0.404,1
28,2.8,0,1,15,4,0.02,1
19,3.875,2,1,3,4,-0.0124999999999999,0
58,4.857142857142857,0,1,7,4,0.3799999999999999,0
60,4.142857142857143,0,1,2,4,0.29,2
49,4.428571428571429,1,3,13,2,0.1142857142857142,0
16,3.5,2,3,6,4,-0.251,2
42,4.285714285714286,0,1,15,0,0.28,0
21,2.8,2,2,9,1,-0.0499999999999999,2
34,5.25,1,1,16,4,-0.72,2
52,4.714285714285714,0,1,15,0,0.3999999999999999,0
52,4.571428571428571,0,1,15,4,0.12,2
54,7.0,0,1,4,4,0.3,2
16,4.636363636363637,2,3,6,4,0.3609090909090909,2
67,3.4285714285714284,0,1,7,4,0.3399999999999999,2
47,4.6,1,1,16,4,-0.6019999999999999,2
59,4.2,2,3,13,2,-0.0759999999999999,3
70,3.7142857142857135,3,1,16,4,-0.6457142857142858,2
67,5.333333333333333,0,1,7,4,0.1,2
70,4.2,3,1,16,4,-1.184,2
32,4.0,2,3,13,1,0.24,3
52,3.6666666666666665,2,3,14,4,0.0333333333333333,0
69,3.25,0,3,14,4,0.07,0
67,5.0,0,1,7,4,0.04,3
55,4.142857142857143,0,1,7,4,0.0899999999999999,2
71,3.0,3,3,17,1,-0.2099999999999999,1
43,4.166666666666667,2,2,9,0,0.205,3
51,3.4444444444444446,2,2,9,0,-0.0633333333333333,2
51,4.0,1,2,9,0,-0.3866666666666666,2
30,3.333333333333333,0,1,15,4,0.41,2
50,4.0,1,3,6,4,-0.06,0
63,5.833333333333333,2,2,11,0,0.3033333333333333,2
17,4.4,2,2,10,4,0.0699999999999999,2
26,3.75,1,1,8,4,-0.2425,0
41,2.333333333333333,0,1,4,2,0.0,1
52,4.333333333333333,0,1,15,4,0.31,1
57,5.0,2,2,10,4,0.0485714285714285,0
52,4.0,0,1,15,0,0.11,2
32,4.5,1,3,13,0,-0.0833333333333333,0
49,3.5,1,3,13,0,0.095,3
46,5.0,2,1,4,4,-0.15,3
9,3.8,0,1,7,4,0.26,0
61,2.4,2,3,14,4,-0.164,0
71,4.166666666666667,3,3,17,2,-0.0666666666666666,2
14,4.0,1,2,10,4,0.3199999999999999,2
50,4.0,3,3,17,1,-0.2299999999999999,0
53,4.0,2,1,1,4,0.195,0
19,3.6666666666666665,0,1,12,4,0.08,3
56,3.363636363636364,0,1,3,4,0.1409090909090909,0
29,4.25,2,1,3,4,0.2525,2
70,2.0,1,1,16,4,0.02,3
14,3.2,0,1,7,4,0.36,0
67,3.333333333333333,0,1,7,4,0.4000000000000001,2
49,3.0,0,3,13,0,0.34,4
28,2.6666666666666665,0,3,14,0,0.05,0
12,0.0,0,2,9,1,0.29,0
38,2.857142857142857,3,1,16,4,-0.7557142857142856,0
49,3.0,2,3,13,0,0.188,0
18,3.625,2,1,1,4,0.3349999999999999,2
47,3.75,0,1,16,4,0.4,2
33,4.0,2,1,8,4,0.23,1
50,4.0,0,3,6,4,0.335,0
4,4.4,0,1,1,4,0.36,3
50,4.818181818181818,2,3,6,4,0.4181818181818181,0
19,3.1818181818181817,2,1,3,4,-0.0063636363636363,0
38,3.75,3,1,16,4,-1.0325,1
31,4.75,0,1,12,4,0.46,3
35,3.857142857142857,0,1,15,0,0.1899999999999999,2
62,4.25,1,2,9,0,-0.0625,1
57,4.6,2,2,10,4,-0.0309999999999999,0
52,4.6,0,1,15,0,0.3,0
8,4.0,1,3,13,1,-0.255,0
65,3.6666666666666665,3,3,17,2,-0.9266666666666666,3
60,4.5,0,1,2,4,0.49,0
60,4.333333333333333,0,1,2,4,0.4000000000000001,3
43,5.0,2,2,9,1,0.0699999999999999,2
25,5.0,2,1,8,4,0.0833333333333333,3
17,3.4,2,2,10,4,-0.0419999999999999,0
23,3.7142857142857135,2,3,13,2,0.0357142857142857,2
50,4.8,0,1,12,4,0.03,3
8,6.0,2,3,6,4,0.4133333333333333,0
17,4.714285714285714,0,2,10,0,0.39,2
21,3.333333333333333,0,2,9,1,0.3699999999999999,3
10,3.3,2,1,8,4,0.221,0
44,4.5,2,2,5,4,0.2424999999999999,0
60,3.5,0,1,2,4,0.3799999999999999,3
11,4.25,0,2,5,4,0.49,2
47,4.0,2,1,16,4,-0.105,0
31,3.875,2,3,6,4,0.03125,2
23,3.125,1,3,13,1,-0.16,2
24,4.0,2,3,6,0,0.0075,3
31,3.333333333333333,0,1,12,4,0.14,0
9,2.7142857142857144,0,1,7,4,0.0,0
63,3.333333333333333,2,2,11,4,-0.21,0
33,3.8,2,3,14,4,0.014,3
28,3.4,0,1,15,0,0.3199999999999999,0
51,5.5,1,2,9,1,0.095,0
69,3.75,0,3,14,0,0.17,0
59,3.0,2,3,13,1,0.3419999999999999,0
66,3.6666666666666665,1,2,11,0,0.0949999999999999,2
6,4.75,2,2,5,4,0.3825,0
70,4.75,0,1,16,4,0.02,2
40,3.5,1,2,11,0,-0.0399999999999999,3
16,2.333333333333333,0,1,12,4,0.3,0
5,4.111111111111111,2,1,4,0,0.0133333333333333,0
31,4.0,0,1,12,4,0.2,2
23,3.8333333333333335,1,3,13,0,-0.0799999999999999,0
1,3.7142857142857135,2,1,1,4,0.0714285714285714,0
12,5.25,2,2,9,1,0.3825,2
16,4.181818181818182,1,3,6,4,-0.2227272727272727,0
39,4.25,0,1,2,4,0.14,1
10,4.363636363636363,2,1,8,4,0.0518181818181818,2
19,4.2,0,1,12,4,0.07,3
33,4.428571428571429,0,3,14,4,0.4414285714285714,2
51,3.25,0,2,9,0,0.29,0
5,4.0,2,1,4,4,0.0883333333333333,2
29,4.0,0,1,3,4,-0.0742857142857142,0
62,4.75,0,2,9,0,0.0325,3
18,4.0,0,1,1,4,0.07,2
43,4.428571428571429,1,2,9,1,-0.2842857142857143,2
19,4.111111111111111,0,1,3,4,0.06,2
60,3.8181818181818175,0,1,2,4,0.0899999999999999,2
66,3.0,2,2,11,0,0.3899999999999999,2
63,4.75,2,2,11,0,0.0074999999999999,3
1,4.125,2,1,1,4,0.405,0
36,2.0,3,3,17,1,0.04,3
61,5.0,2,3,14,4,0.0966666666666666,2
19,3.0,0,1,12,4,0.22,1
25,4.75,2,1,8,4,0.265,0
16,3.5,1,3,6,4,0.1599999999999999,1
16,3.4285714285714284,1,3,6,2,0.2042857142857143,2
57,3.5,0,2,10,4,0.31,2
19,5.0,0,1,12,4,0.5,4
47,2.5,0,1,16,4,0.065,0
1,4.0,2,1,1,4,0.254,0
54,5.0,1,1,4,2,-0.305,2
68,4.285714285714286,3,1,16,4,-0.8557142857142856,2
45,4.25,2,2,5,4,0.0675,0
56,3.5,0,1,3,4,0.47,0
28,4.6,0,1,15,0,0.23,0
47,3.6666666666666665,1,1,16,4,-0.0916666666666666,0
39,3.0,0,1,2,4,0.26,0
52,4.0,2,3,14,4,0.1333333333333333,1
28,4.5,1,3,14,4,-0.175,2
61,3.6666666666666665,1,3,14,0,-0.11,2
52,4.857142857142857,2,3,14,4,0.0228571428571428,2
3,3.5,1,1,3,4,0.0,2
27,4.25,1,2,10,4,0.105,3
57,4.333333333333333,1,2,10,1,0.09,3
50,2.333333333333333,2,3,6,4,-0.09,3
43,3.5,2,2,9,1,0.1883333333333333,3
4,3.5,0,1,1,4,0.05,3
25,3.5,1,1,8,4,0.04,0
60,3.5,0,1,2,4,0.43,2
11,4.0,0,2,5,1,0.37,1
3,4.0,2,1,3,4,-0.1999999999999999,1
47,3.8333333333333335,2,1,16,4,0.0,3
6,4.333333333333333,0,2,5,4,0.18,3
35,4.333333333333333,0,1,12,4,0.11,0
25,3.875,2,1,8,4,-0.085,0
30,4.3,0,1,15,4,0.07,0
67,3.5,0,1,7,4,0.06,2
35,3.6,0,1,12,4,0.12,0
45,4.2,2,2,5,0,0.316,0
6,3.6666666666666665,2,2,5,1,0.3633333333333333,1
41,3.6666666666666665,2,1,4,2,-0.1,1
5,3.0,2,1,4,4,-0.0737499999999999,0
41,3.75,0,1,4,4,0.07,2
35,3.6666666666666665,0,1,12,4,0.02,0
14,4.7,2,2,10,4,0.32,0
33,4.2,2,3,14,4,0.24,0
58,4.285714285714286,0,2,10,1,0.23,2
30,4.0,0,1,15,4,0.16,0
48,3.8333333333333335,0,1,2,4,0.41,0
16,5.0,0,1,12,4,0.13,3
2,4.833333333333333,0,1,2,4,0.35,1
16,3.4,0,3,6,2,0.106,2
1,3.857142857142857,2,1,1,4,0.2142857142857142,0
52,5.5,0,1,15,4,0.33,0
71,5.0,3,3,17,1,-0.365,1
25,4.2,2,1,8,4,-0.244,0
47,3.25,1,1,16,4,-1.0225,1
62,4.666666666666667,2,2,9,1,-0.0499999999999999,3
38,4.25,0,1,16,4,-0.03,3
10,4.375,1,1,8,4,-0.25,2
62,5.5,0,2,9,1,0.48,0
1,3.6,2,1,1,4,0.022,3
62,4.0,1,2,9,1,0.15,3
7,4.636363636363637,1,1,3,4,0.1936363636363636,2
34,3.8,1,1,16,4,-0.326,3
54,3.6,2,1,4,4,0.06,2
30,4.714285714285714,0,1,15,4,0.14,2
31,3.7142857142857135,1,3,6,0,-0.1471428571428571,2
12,4.875,2,2,9,1,-0.0325,0
64,2.6666666666666665,4,3,17,2,-0.36,0
29,4.4,2,1,3,4,0.2666666666666666,0
62,3.2,1,2,9,1,0.118,1
58,4.0,2,2,10,4,-0.11,0
69,3.75,1,3,14,4,-0.12,2
11,4.5,1,2,5,1,0.08,3
16,3.375,0,1,12,4,0.42,2
15,3.6666666666666665,2,2,11,0,-0.0766666666666666,0
19,2.333333333333333,1,1,3,4,-0.1266666666666666,0
27,4.5,0,2,10,4,0.22,0
28,4.2,2,3,14,4,-0.078,2
49,3.6666666666666665,2,3,13,0,-0.1966666666666666,3
31,3.333333333333333,0,1,12,4,0.03,0
34,4.0,1,1,16,4,-0.0866666666666666,2
13,4.0,0,1,2,4,0.02,0
66,3.1666666666666665,2,2,11,0,-0.04,0
33,2.75,0,3,14,4,0.17,3
25,4.25,2,1,8,4,-0.12,0
59,3.333333333333333,2,3,13,1,0.34,0
41,5.0,2,1,4,4,0.1039999999999999,2
50,5.0,0,1,12,4,0.46,1
8,3.5,2,3,6,0,0.0425,2
68,4.333333333333333,1,1,16,4,-1.018333333333333,0
50,3.0,0,1,12,4,0.36,0
53,4.0,1,1,1,4,0.244,3
36,5.0,4,3,17,2,-0.83,2
27,3.8,3,2,10,4,-0.4439999999999999,3
62,3.5,2,2,9,1,0.2299999999999999,0
40,3.333333333333333,3,2,11,0,-0.3066666666666667,2
43,4.083333333333333,1,2,9,0,-0.1833333333333333,0
3,3.7777777777777777,1,1,3,4,0.2344444444444444,0
68,3.6,3,1,16,4,-0.404,0
9,5.25,0,1,7,4,0.32,3
3,3.0,2,1,3,4,0.1159999999999999,0
66,4.0,0,2,11,4,0.4,0
14,3.0,0,1,7,4,0.43,1
24,3.4444444444444446,2,3,6,4,0.2655555555555555,0
7,3.0,2,1,3,4,0.376,3
66,3.0,0,2,11,0,0.46,1
30,3.2222222222222223,0,1,15,0,0.12,2
29,4.666666666666667,0,1,3,4,0.16,0
20,4.75,2,2,11,4,0.2075,2
22,3.5,0,1,1,4,0.26,3
17,5.5,1,2,10,4,0.185,0
58,4.2,0,2,10,4,0.3,0
16,3.75,1,3,6,0,-0.175,2
35,3.25,0,1,15,0,0.33,2
28,3.5,0,1,15,0,0.08,2
31,5.0,1,3,6,2,0.165,3
33,4.285714285714286,2,3,14,0,0.3342857142857143,0
69,5.0,2,3,14,4,0.2066666666666666,0
21,4.857142857142857,2,2,9,0,0.3342857142857142,0
46,4.8,2,1,4,0,0.23,0
62,2.0,0,2,9,0,0.38,0
68,3.8,1,1,16,4,-0.686,0
31,3.571428571428572,0,3,6,0,0.3642857142857142,3
49,5.285714285714286,2,3,13,0,0.3571428571428571,3
32,5.8,2,3,13,1,0.1119999999999999,0
33,6.0,3,1,8,4,-0.47,4
50,5.5,3,3,17,3,-0.125,2
31,3.0,3,3,6,4,-0.33,0
28,4.428571428571429,0,1,15,4,0.39,3
50,4.0,2,3,6,2,0.354,0
70,4.0,3,1,16,4,-0.82,0
3,2.6,2,1,3,4,-0.2019999999999999,2
66,3.75,1,2,11,2,-0.255,2
41,4.666666666666667,0,1,4,4,0.36,4
31,3.333333333333333,0,1,12,4,0.29,0
33,4.5,1,1,8,4,0.04,0
35,2.833333333333333,0,1,12,4,0.42,3
72,5.0,0,2,5,4,0.03,2
59,4.0,2,3,13,0,0.15,3
18,4.428571428571429,2,1,1,4,-0.0585714285714285,2
71,2.5,4,3,17,1,-1.38,0
59,4.0,2,3,13,0,0.196,3
62,5.0,2,2,9,0,0.1399999999999999,3
55,5.333333333333333,0,1,7,4,0.32,3
28,4.333333333333333,0,1,15,4,0.09,0
31,3.8,2,3,6,0,0.246,3
39,5.0,0,1,2,4,0.32,3
25,4.5,2,1,8,4,-4.625929269271485e-18,0
62,3.4285714285714284,2,2,9,0,0.0485714285714285,2
30,3.0,0,1,15,4,0.3,2
38,5.0,3,1,16,4,-1.3,1
2,4.0,0,1,2,4,0.3499999999999999,1
7,3.142857142857143,2,1,3,4,0.1657142857142856,3
69,4.0,0,3,14,4,0.2,2
34,4.333333333333333,3,1,16,4,-0.535,0
48,4.25,0,1,2,4,0.41,2
21,5.0,3,2,9,0,-0.07,3
5,3.571428571428572,2,1,4,4,-0.0585714285714285,0
26,3.6666666666666665,1,1,8,4,0.3533333333333333,0
31,2.571428571428572,2,3,6,0,0.2171428571428571,0
7,4.5,2,1,3,4,0.0883333333333333,0
30,4.0,0,1,15,0,0.01,0
68,4.5,2,1,16,4,-0.09,3
56,4.6,2,1,3,4,-0.088,0
15,4.5,1,2,11,0,-0.065,3
72,5.5,0,2,5,1,0.16,0
43,4.571428571428571,2,2,9,0,-0.2342857142857142,1
14,4.666666666666667,0,1,7,4,0.0499999999999999,3
42,4.0,0,1,15,0,0.22,0
39,4.0,0,1,2,4,0.15,0
27,4.8,2,2,10,4,0.196,2
25,4.857142857142857,0,1,8,4,-0.0742857142857142,0
64,1.5,4,3,17,3,-0.45,3
6,4.428571428571429,0,2,5,0,-0.0299999999999999,0
37,3.6666666666666665,2,1,4,2,0.2166666666666666,3
29,4.625,0,1,3,4,0.35,1
61,4.666666666666667,0,3,14,4,0.33,2
31,7.0,1,3,6,0,-0.255,3
50,7.0,1,3,17,2,0.29,2
32,4.8,0,3,13,0,0.31,0
35,3.0,0,1,12,4,0.47,2
68,4.0,3,1,16,4,-0.7514285714285716,2
45,4.0,2,2,5,1,0.1824999999999999,0
21,4.0,0,2,9,1,0.22,0
33,3.6666666666666665,3,3,14,4,-0.0266666666666666,1
60,4.714285714285714,0,1,2,4,0.11,0
8,4.5,1,3,13,0,0.235,4
14,4.3,0,1,7,4,0.27,0
8,3.5,0,3,13,0,0.41,0
16,6.0,0,1,12,4,0.02,0
40,4.6,2,2,11,0,-0.154,1
13,4.0,0,1,2,4,0.11,0
37,3.8333333333333335,1,1,4,0,0.295,2
67,3.1666666666666665,0,1,7,4,0.0899999999999999,0
66,4.5,0,2,11,4,0.46,2
5,1.6,1,1,4,4,0.092,0
3,3.4,2,1,3,4,0.3419999999999999,1
58,2.833333333333333,0,1,7,4,0.13,2
58,3.4285714285714284,0,1,7,4,0.21,2
34,4.0,2,1,16,4,0.28,1
2,4.333333333333333,0,1,2,4,0.49,0
47,4.4,1,1,16,4,-0.408,0
31,3.5,0,1,12,4,0.11,0
3,3.5,2,1,3,4,0.0933333333333333,3
8,3.0,1,3,6,4,-0.1699999999999999,1
68,5.0,2,1,16,4,-0.0833333333333333,2
46,3.2,0,1,4,4,0.29,0
32,3.6666666666666665,2,3,13,0,-0.0133333333333333,0
67,2.8,0,1,7,4,0.24,3
2,4.5,0,1,2,4,0.3999999999999999,0
37,3.333333333333333,1,1,4,2,-0.2833333333333333,0
26,2.0,0,1,8,4,0.0,0
69,3.4,2,3,14,4,-0.0079999999999999,2
12,5.0,2,2,9,0,0.2979999999999999,3
34,3.6666666666666665,1,1,16,4,-0.4933333333333334,0
26,4.111111111111111,0,1,8,4,0.3233333333333333,2
39,4.5,0,1,2,4,0.09,0
52,3.75,2,3,14,4,0.3475,3
7,3.857142857142857,0,1,3,4,-0.0514285714285714,2
46,5.0,2,1,4,2,0.4175,0
27,3.0,3,2,10,1,-0.22,3
14,4.75,2,2,10,1,0.1375,0
63,4.5,2,2,11,4,0.09,3
28,3.333333333333333,2,3,14,4,0.1666666666666666,2
8,3.0,2,3,6,0,0.08,0
5,3.25,1,1,4,4,-0.4675,3
38,3.0,1,1,16,4,-0.18,0
65,5.0,1,3,17,3,-0.03,1
45,5.0,0,2,5,4,0.2,2
50,3.4,2,3,6,4,-0.076,2
48,5.0,0,1,2,4,0.0499999999999999,2
44,3.6,1,2,5,1,0.144,0
17,5.0,0,2,10,1,0.2985714285714285,1
40,4.0,0,2,11,0,0.22,3
28,2.7142857142857144,0,1,15,0,0.42,0
48,3.0,0,1,2,4,0.35,2
69,4.5,2,3,14,4,0.3,0
58,4.0,0,1,7,4,0.43,0
27,4.5,1,2,10,1,-0.095,2
52,3.2,0,1,15,4,0.44,0
51,1.5714285714285714,2,2,9,0,-0.0714285714285714,3
18,4.0,1,1,1,4,0.055,0
35,3.625,0,1,15,4,0.41,0
50,4.333333333333333,0,3,6,4,0.22,0
19,4.0,2,1,3,4,-0.0737499999999999,0
61,3.5,2,3,14,4,0.1066666666666666,0
19,4.166666666666667,2,1,3,4,0.3216666666666667,0
30,3.888888888888889,0,1,15,4,0.35,0
48,4.2,0,1,2,4,0.3199999999999999,2
58,2.8,0,1,7,4,0.38,0
4,3.75,1,1,1,4,-0.25,0
14,4.0,2,2,10,4,0.3033333333333333,0
61,4.0,2,3,14,4,0.1025,3
55,4.0,0,1,7,4,0.46,3
2,4.0,0,1,2,4,0.23,0
56,3.25,0,1,3,4,0.4475,2
31,4.0,0,1,12,4,0.42,1
70,4.2,3,1,16,4,-0.4040000000000001,2
1,5.142857142857143,2,1,1,4,-0.2199999999999999,2
22,4.333333333333333,2,1,1,4,0.0833333333333333,0
56,4.25,1,1,3,4,-0.31,0
65,3.0,3,3,17,1,-0.42,3
36,4.5,3,3,17,3,-0.38,3
51,4.2,1,2,9,0,-0.15,3
53,5.5,0,1,1,4,0.19,4
48,4.571428571428571,0,1,2,4,0.0,0
55,5.0,0,1,7,4,0.15,3
17,4.0,1,2,10,1,0.15,2
19,2.75,0,1,12,4,0.17,2
31,4.0,1,3,6,4,-0.0499999999999999,0
69,3.25,1,3,14,4,-0.1875,1
67,4.333333333333333,0,1,7,4,0.28,3
1,3.1666666666666665,2,1,1,4,0.2299999999999999,2
2,3.2857142857142856,0,1,2,4,0.39,0
17,2.0,1,2,10,0,-0.305,0
14,3.0,0,1,7,4,0.05,2
17,4.0,0,2,10,4,0.34,0
26,5.25,2,1,8,4,0.3924999999999999,3
68,5.25,4,1,16,4,-1.75,1
31,5.0,0,1,12,4,0.02,2
39,4.166666666666667,0,1,2,4,0.43,2
8,5.0,0,3,6,0,0.2299999999999999,0
67,4.2,0,1,7,4,0.32,3
14,3.0,1,2,10,4,-0.295,2
15,4.666666666666667,2,2,11,0,0.0466666666666666,0
28,3.4444444444444446,0,1,15,4,0.4,2
63,3.333333333333333,2,2,11,4,0.06,0
61,4.833333333333333,0,3,14,4,0.0999999999999999,0
37,4.0,2,1,4,4,0.09,2
39,3.5,0,1,2,4,0.32,0
8,3.8333333333333335,2,3,13,0,-0.1133333333333333,3
33,3.0,1,1,8,4,0.21,3
72,3.4,3,2,5,1,-0.26,2
66,3.0,0,2,11,0,0.33,1
26,3.6666666666666665,0,1,8,4,0.18,2
61,5.0,1,3,14,0,-0.2,0
16,4.428571428571429,0,1,12,4,0.37,0
18,5.666666666666667,2,1,1,4,0.2533333333333333,2
7,3.9166666666666665,2,1,3,4,-0.0133333333333333,0
35,3.8,0,1,15,0,0.4699999999999999,2
51,4.25,1,2,9,1,0.265,2
41,4.333333333333333,0,1,4,4,0.18,0
17,3.6,2,2,10,4,0.0359999999999999,0
53,4.428571428571429,0,1,1,4,-0.0399999999999999,0
58,4.0,2,2,10,4,0.1783333333333333,2
67,4.0,0,1,7,4,0.24,2
49,4.857142857142857,2,3,13,1,0.2528571428571428,0
52,3.25,0,3,14,4,0.21,1
28,5.0,0,3,14,4,0.16,2
19,3.1666666666666665,1,1,3,4,-0.2649999999999999,3
33,4.666666666666667,2,1,8,4,0.1666666666666666,2
56,5.0,1,1,3,4,-0.3722222222222222,2
68,4.2,3,1,16,4,-1.65,0
65,3.0,3,3,17,1,-0.86,2
48,3.333333333333333,0,1,2,4,0.3499999999999999,2
28,5.75,0,1,15,4,0.31,2
16,3.75,0,1,12,4,0.42,3
42,3.7142857142857135,0,1,15,0,0.35,0
22,4.2,2,1,1,4,0.24,2
32,4.4,1,3,13,0,-0.15,0
41,5.0,0,1,4,4,0.09,3
38,4.428571428571429,3,1,16,4,-1.0457142857142858,2
1,2.75,2,1,1,4,0.055,2
54,5.5,1,1,4,2,0.255,2
43,4.4,1,2,9,0,0.2599999999999999,0
53,4.75,2,1,1,4,0.1825,2
10,4.777777777777778,1,1,8,4,0.0533333333333333,0
4,5.2,2,1,1,4,0.33,0
16,5.111111111111111,2,3,6,0,0.3133333333333333,0
3,3.0,2,1,3,4,-0.0842857142857143,3
33,5.0,1,3,14,4,-0.2,0
70,4.25,4,1,16,4,-1.52,0
55,3.0,0,1,7,4,0.33,3
38,3.6666666666666665,2,1,16,4,0.4366666666666667,0
12,3.6666666666666665,1,2,9,0,-0.24,2
6,2.0,1,2,5,0,-0.305,2
42,3.75,0,1,15,4,0.37,2
57,5.0,1,2,10,4,-0.055,0
66,3.25,0,2,11,0,0.44,2
21,4.428571428571429,1,2,9,0,-0.2171428571428571,3
55,5.2,0,1,7,4,0.18,0
35,4.125,0,1,15,4,0.06,0
50,4.0,0,1,12,4,0.01,1
49,3.0,2,3,13,1,0.0228571428571428,2
66,5.333333333333333,2,2,11,2,0.01,2
50,5.0,3,3,17,1,-0.46,3
1,3.6666666666666665,2,1,1,4,0.3216666666666667,3
25,3.8333333333333335,2,1,8,4,0.0766666666666666,3
16,4.6,0,1,12,4,0.01,2
21,3.0,1,2,9,0,0.215,0
55,3.333333333333333,0,1,7,4,0.49,0
35,2.4,0,1,12,4,0.24,2
50,4.25,2,3,6,4,0.225,0
37,3.75,1,1,4,1,-0.24,2
23,4.333333333333333,0,3,13,2,0.07,2
19,3.75,0,1,12,4,0.02,3
42,3.727272727272727,0,1,15,0,0.4,2
69,3.333333333333333,0,3,14,0,0.03,2
41,1.5,1,1,4,4,0.12,2
68,4.571428571428571,1,1,16,4,-0.7957142857142857,2
70,4.2,1,1,16,4,-0.388,0
28,5.333333333333333,2,3,14,0,0.3766666666666666,1
45,4.0,0,2,5,0,0.32,3
65,4.333333333333333,1,3,17,2,-0.1249999999999999,0
40,4.666666666666667,2,2,11,0,0.29,2
27,5.75,0,2,10,4,0.09,2
58,3.5,2,2,10,4,0.2875,3
23,4.5,0,3,13,1,0.14,1
4,4.75,1,1,1,4,0.32,0
15,5.0,0,2,11,4,0.1785714285714285,0
52,3.5,2,3,14,0,0.1933333333333333,3
5,4.0,2,1,4,4,0.29,3
23,3.25,2,3,13,1,0.3,0
5,4.333333333333333,2,1,4,2,-0.0266666666666666,2
22,5.333333333333333,2,1,1,4,-0.1233333333333333,0
28,4.0,0,1,15,4,0.32,3
8,4.6,2,3,13,0,-0.11,0
29,4.0,0,1,3,4,0.0,3
54,4.5,0,1,4,1,0.21,3
72,4.5,3,2,5,4,-0.6,3
18,3.857142857142857,1,1,1,4,-0.16,2
28,4.25,2,3,14,4,0.23,0
30,2.5,0,1,15,4,0.38,3
13,3.6,0,1,2,4,0.44,3
23,4.25,2,3,13,0,0.3475,0
60,4.5,0,1,2,4,0.33,3
32,3.8333333333333335,2,3,13,2,0.0116666666666666,0
7,4.5,2,1,3,4,0.045,2
16,4.857142857142857,0,1,12,4,0.42,0
57,3.75,0,2,10,4,0.46,0
50,5.0,0,3,6,4,0.342,0
63,5.0,0,2,11,4,0.42,3
14,5.5,1,2,10,4,-0.215,3
19,5.0,0,1,3,4,0.28,0
49,3.75,0,3,13,0,0.49,0
64,4.333333333333333,3,3,17,1,0.0466666666666666,2
18,7.0,0,1,1,4,0.12,2
52,3.25,0,1,15,0,0.29,0
1,5.0,0,1,1,4,0.41,0
14,5.2,2,2,10,4,-0.268,3
60,3.8,0,1,2,4,0.02,3
11,5.333333333333333,2,2,5,0,0.0333333333333333,0
35,4.5,0,1,12,4,0.06,2
57,4.5,0,2,10,1,0.09,1
14,3.6666666666666665,1,2,10,4,0.1166666666666666,0
11,3.5,0,2,5,0,0.28,2
16,4.6,0,1,12,4,0.45,2
24,3.6,1,3,6,0,-0.408,2
66,3.4,2,2,11,0,-0.026,0
18,3.6,2,1,1,4,0.296,2
5,4.5,0,1,4,1,0.42,2
69,4.142857142857143,0,3,14,4,-0.0514285714285714,0
24,2.6666666666666665,2,3,6,2,-0.0666666666666666,0
37,4.666666666666667,2,1,4,2,-0.0133333333333333,2
68,5.166666666666667,1,1,16,4,-1.28,0
28,5.0,2,3,14,0,0.0074999999999999,0
70,3.571428571428572,2,1,16,4,-0.5271428571428572,2
8,4.0,0,3,13,2,0.27,1
1,4.166666666666667,0,1,1,4,0.12,0
49,4.666666666666667,2,3,13,0,0.2883333333333333,2
71,5.0,1,3,17,2,0.17,1
46,4.6,2,1,4,4,0.308,3
64,6.5,1,3,17,1,-0.27,2
61,3.0,0,3,14,0,0.48,0
27,4.6,2,2,10,4,-0.2159999999999999,0
60,5.25,0,1,2,4,0.37,0
1,5.4,2,1,1,4,0.24,1
62,3.6,0,2,9,0,0.36,0
64,5.0,3,3,17,2,-0.4166666666666667,3
41,3.142857142857143,0,1,4,1,0.0685714285714285,3
16,4.0,1,3,6,0,-0.0474999999999999,2
52,3.75,1,3,14,4,-0.015,2
52,4.75,0,1,15,0,0.47,3
50,4.4,1,3,6,4,0.08,2
14,3.8,0,2,10,1,0.28,0
51,3.25,1,2,9,1,-0.1937499999999999,2
72,2.6666666666666665,0,2,5,4,0.05,2
13,4.0,0,1,2,4,0.16,3
30,4.0,0,1,15,4,0.46,0
7,3.5,2,1,3,4,-0.0999999999999999,0
44,4.5,0,2,5,4,0.01,2
8,4.666666666666667,3,3,13,0,-0.28,1
40,4.0,2,2,11,0,0.0233333333333333,3
64,6.0,3,3,17,3,-0.43,0
33,2.5,2,3,14,4,0.1825,3
37,2.6,0,1,4,2,0.17,0
30,2.8,0,1,15,4,0.24,0
12,4.4,2,2,9,1,0.15,1
9,5.0,0,1,7,4,0.47,1
58,2.5,0,1,7,4,0.27,2
31,3.0,0,1,12,4,0.41,0
28,4.0,2,3,14,4,0.07,2
2,3.0,0,1,2,4,0.3,0
28,4.0,2,3,14,4,0.0966666666666666,3
70,3.333333333333333,4,1,16,4,-2.526666666666667,3
27,3.5,1,2,10,4,-0.0525,2
22,4.0,2,1,1,4,0.055,3
8,4.0,2,3,13,0,-0.045,0
52,3.6666666666666665,0,1,15,4,0.3499999999999999,3
54,3.25,1,1,4,4,-0.2,0
60,4.6,0,1,2,4,0.49,2
35,3.0,0,1,15,4,0.3999999999999999,3
61,4.25,2,3,14,4,0.2262499999999999,0
40,4.5,1,2,11,4,-0.12,0
28,2.6666666666666665,1,3,14,4,-0.1266666666666666,0
27,3.6666666666666665,2,2,10,4,0.0699999999999999,0
46,4.0,0,1,4,2,0.15,3
8,4.8,2,3,6,4,0.076,2
21,3.333333333333333,0,2,9,1,0.36,3
37,4.444444444444445,1,1,4,2,-0.1133333333333333,2
53,5.333333333333333,2,1,1,4,0.18,2
22,4.0,1,1,1,4,-0.145,3
26,3.0,0,1,8,4,0.37,3
30,5.5,0,1,15,4,0.34,3
35,4.5,0,1,12,4,0.2,0
54,4.0,1,1,4,2,0.24,2
13,3.6666666666666665,0,1,2,4,0.29,1
38,4.75,2,1,16,4,0.0749999999999999,3
72,0.0,3,2,5,1,-0.33,1
8,4.0,0,3,13,2,0.04,0
36,4.0,1,3,17,2,0.09,0
5,5.333333333333333,2,1,4,0,-0.0033333333333333,2
35,4.833333333333333,0,1,12,4,0.48,0
25,5.25,1,1,8,4,-0.175,0
20,5.0,0,2,11,0,0.13,3
55,4.5,0,1,7,4,0.05,1
8,4.4,0,3,13,0,0.48,2
21,3.6,2,2,9,0,0.018,0
32,4.166666666666667,1,3,13,0,-0.0133333333333333,2
13,5.0,0,1,2,4,0.18,0
33,5.0,0,3,14,0,0.27,1
63,4.5,1,2,11,0,0.0649999999999999,0
32,4.333333333333333,2,3,13,0,-0.0766666666666666,2
25,4.0,1,1,8,4,-0.025,1
1,1.75,0,1,1,4,0.09,0
48,4.666666666666667,0,1,2,4,0.31,3
53,4.5,0,1,1,4,0.09,2
65,5.0,3,3,17,1,-0.2249999999999999,2
43,4.0,2,2,9,1,0.29,0
14,3.0,0,1,7,4,0.31,3
66,5.6,3,2,11,4,-0.4899999999999999,2
45,5.5,1,2,5,4,-0.2799999999999999,4
31,3.0,0,1,12,4,0.25,0
2,4.0,0,1,2,4,0.15,3
12,3.5,1,2,9,0,0.145,2
50,4.0,0,1,12,4,0.49,3
69,3.333333333333333,2,3,14,4,-0.04,2
6,3.333333333333333,2,2,5,4,-0.21,2
59,4.714285714285714,0,3,13,0,0.4085714285714286,3
60,3.333333333333333,0,1,2,4,0.41,0
46,3.8,2,1,4,4,0.184,0
72,4.0,2,2,5,0,0.2779999999999999,2
28,4.0,1,3,14,4,0.335,3
35,5.0,0,1,15,4,0.19,3
21,4.0,0,2,9,0,0.1,2
48,5.0,0,1,2,4,0.28,0
34,5.0,1,1,16,4,-0.482,0
39,4.666666666666667,0,1,2,4,0.13,2
6,3.5,2,2,5,4,0.2525,3
42,4.142857142857143,0,1,15,4,0.3999999999999999,3
35,3.4,0,1,15,4,0.49,2
33,2.75,2,3,14,0,0.4049999999999999,0
45,4.0,0,2,5,1,0.19,4
8,2.7142857142857144,2,3,6,4,-0.0257142857142857,2
25,4.25,2,1,8,4,0.0424999999999999,2
15,4.666666666666667,1,2,11,4,-0.11,0
44,4.666666666666667,1,2,5,0,-0.1,2
33,5.0,0,1,8,4,0.08,2
69,5.4,2,3,14,4,0.2779999999999999,0
26,4.666666666666667,2,1,8,4,0.18,2
22,3.333333333333333,1,1,1,4,-0.24,1
14,3.6,0,1,7,4,0.28,0
58,4.666666666666667,2,2,10,4,-0.1366666666666667,1
57,5.666666666666667,2,2,10,4,0.1066666666666666,0
10,3.8333333333333335,3,1,8,4,-0.415,0
19,5.0,0,1,12,4,0.22,0
18,3.25,2,1,1,4,-0.085,1
59,3.5,2,3,13,0,0.1333333333333333,2
68,4.4,3,1,16,4,-1.184,2
26,4.0,3,1,8,4,-0.02,2
14,4.0,0,2,10,4,0.12,1
26,3.6666666666666665,1,1,8,4,0.2299999999999999,0
18,4.333333333333333,1,1,1,4,-0.16,0
19,4.0,0,1,12,4,0.25,0
9,3.4,0,1,7,4,0.02,2
55,3.0,0,1,7,4,0.05,1
49,2.75,1,3,13,0,0.305,2
63,5.75,0,2,11,2,0.31,3
50,4.0,1,3,17,2,0.03,3
67,4.0,0,1,7,4,0.12,2
49,4.142857142857143,0,3,13,0,0.3428571428571428,2
19,3.5,1,1,3,4,-0.0133333333333333,0
63,4.75,1,2,11,0,0.0374999999999999,0
31,4.0,0,1,12,4,0.3699999999999999,0
6,2.5,1,2,5,4,0.025,0
70,5.333333333333333,1,1,16,4,-0.9366666666666666,0
39,4.5,0,1,2,4,0.12,0
28,4.666666666666667,2,3,14,4,0.12,3
35,4.0,0,1,15,4,0.44,2
49,3.4,1,3,13,1,-0.344,1
40,3.75,1,2,11,2,0.16,3
8,3.6666666666666665,2,3,13,0,-0.0033333333333333,3
53,3.75,2,1,1,4,0.0774999999999999,3
63,2.0,2,2,11,0,0.01,2
2,6.0,0,1,2,4,0.06,2
59,3.6666666666666665,2,3,13,0,0.445,2
38,4.0,0,1,16,4,0.31,3
38,4.5,3,1,16,4,-0.96,0
31,3.6,1,3,6,0,0.1599999999999999,2
15,3.333333333333333,0,2,11,0,0.04,0
14,4.5,2,2,10,4,0.2774999999999999,3
4,4.5,2,1,1,4,0.1725,0
58,5.5,3,2,10,4,0.17,1
19,3.8,2,1,3,4,0.178,2
23,3.75,2,3,13,0,0.3349999999999999,0
48,2.6666666666666665,0,1,2,4,0.25,3
70,4.0,3,1,16,4,-1.94,3
43,6.0,3,2,9,0,0.02,2
68,4.0,3,1,16,4,-1.5499999999999998,3
50,3.6666666666666665,3,3,17,2,-0.1033333333333333,3
51,4.6,2,2,9,1,0.042,2
33,2.5,0,1,8,4,0.07,0
68,3.6666666666666665,2,1,16,4,0.1533333333333333,2
2,6.0,0,1,2,4,0.16,2
50,5.0,3,3,17,2,0.005,2
52,2.6,0,3,14,4,0.13,3
59,4.0,0,3,13,2,0.23,2
11,4.0,0,2,5,1,0.08,2
53,2.5,3,1,1,4,-0.22,0
21,4.5,2,2,9,0,-0.1425,0
62,3.333333333333333,2,2,9,0,0.1533333333333333,3
50,2.6666666666666665,3,3,17,2,0.1133333333333333,0
51,4.0,2,2,9,1,0.35,2
69,1.0,0,3,14,4,0.12,2
4,3.625,2,1,1,4,0.1124999999999999,0
36,5.0,3,3,17,2,0.235,3
67,4.333333333333333,0,1,7,4,0.02,2
17,4.5,1,2,10,4,0.055,3
27,3.5,1,2,10,4,-0.055,1
67,5.333333333333333,0,1,7,4,0.44,0
56,4.166666666666667,2,1,3,4,0.17,2
57,5.0,2,2,10,0,0.3533333333333333,2
4,5.25,1,1,1,4,0.0,0
50,5.0,0,1,12,4,0.29,2
12,4.5,3,2,9,0,-0.47,2
12,4.25,0,2,9,1,0.03,1
58,3.0,0,1,7,4,0.04,3
63,4.0,2,2,11,0,0.37,0
54,4.4,2,1,4,4,0.308,3
33,4.0,2,1,8,4,0.3899999999999999,3
14,4.25,0,1,7,4,0.38,0
69,4.5,0,3,14,4,0.05,1
58,6.333333333333333,2,2,10,4,0.2666666666666666,1
39,2.0,0,1,2,4,0.08,2
45,3.0,2,2,5,4,-0.0133333333333333,2
54,3.5,1,1,4,4,-0.025,0
24,3.142857142857143,0,3,6,4,-0.0514285714285714,3
23,4.6,2,3,13,0,-0.002,2
49,4.25,1,3,13,0,-0.32,0
46,5.0,0,1,4,2,0.13,1
49,4.5,2,3,13,0,0.2649999999999999,2
65,6.0,1,3,17,2,-0.25,2
30,4.25,0,1,15,0,0.46,0
15,4.2,2,2,11,0,0.24,1
37,4.5,0,1,4,0,0.23,3
42,4.857142857142857,0,1,15,4,0.5,0
35,4.5,0,1,12,4,0.12,0
64,3.0,3,3,17,2,-0.03,2
23,5.2,2,3,13,0,0.2979999999999999,0
38,3.0,0,1,16,4,0.12,3
64,3.5,3,3,17,2,-0.455,2
18,3.5,2,1,1,4,0.195,0
34,5.0,0,1,16,4,0.47,2
50,3.6,0,1,12,4,0.01,0
32,5.25,0,3,13,0,0.34,1
61,3.333333333333333,1,3,14,4,-0.1533333333333333,2
36,3.0,4,3,17,1,-1.33,4
32,2.8,0,3,13,2,0.12,0
8,3.5,1,3,13,2,-0.2,2
35,4.25,0,1,15,4,0.31,3
27,3.333333333333333,1,2,10,0,-0.2833333333333333,3
26,4.666666666666667,0,1,8,4,0.0,3
35,4.0,0,1,12,4,0.16,0
64,5.0,3,3,17,2,-0.5033333333333334,3
55,4.0,0,1,7,4,0.04,3
24,2.6666666666666665,1,3,6,0,0.2466666666666666,0
9,4.0,0,1,7,4,0.48,2
26,5.0,1,1,8,4,0.1766666666666666,0
53,2.6666666666666665,2,1,1,4,0.1566666666666666,3
3,3.5,2,1,3,4,0.265,3
20,4.125,2,2,11,4,-0.25125,0
64,4.0,3,3,17,2,0.19,2
9,3.6666666666666665,0,1,7,4,0.1,1
15,4.4,2,2,11,4,0.2019999999999999,3
34,4.5,4,1,16,4,-2.55,3
62,5.0,0,2,9,1,0.37,3
39,4.5,0,1,2,4,0.06,2
64,5.0,3,3,17,1,-0.6699999999999999,3
50,2.0,0,3,6,0,0.09,3
64,4.0,3,3,17,1,-0.535,1
13,3.6666666666666665,0,1,2,4,0.49,1
45,4.8,1,2,5,0,0.05,2
44,4.666666666666667,1,2,5,4,-0.1533333333333333,3
21,6.0,1,2,9,1,0.14,3
60,4.2,0,1,2,4,0.09,0
14,4.333333333333333,3,2,10,4,-0.22,3
47,1.3333333333333333,3,1,16,4,-1.1266666666666667,0
25,4.4,2,1,8,4,-0.102,3
72,4.333333333333333,2,2,5,0,0.06,4
26,2.0,1,1,8,4,-0.255,0
55,5.0,0,1,7,4,0.0,3
47,5.0,1,1,16,4,-0.8975,2
20,4.666666666666667,2,2,11,0,0.01,0
67,3.5,0,1,7,4,0.06,3
14,4.0,0,1,7,4,0.17,0
7,4.857142857142857,1,1,3,4,-0.2842857142857143,0
12,5.5,1,2,9,0,-0.135,2
57,3.6666666666666665,2,2,10,4,0.0783333333333333,0
32,3.0,0,3,13,0,0.49,3
6,7.0,0,2,5,4,0.22,0
5,5.0,0,1,4,2,0.28,3
27,4.5,0,2,10,4,0.35,2
53,2.0,1,1,1,4,0.185,1
44,2.5,1,2,5,4,-0.145,0
16,3.0,0,1,12,4,0.1,2
33,3.0,0,3,14,4,0.27,0
31,5.4,0,1,12,4,0.21,3
39,3.7142857142857135,0,1,2,4,0.01,0
15,5.25,1,2,11,4,-0.12,3
1,3.4,1,1,1,4,0.0179999999999999,0
55,3.0,0,1,7,4,0.18,3
8,4.0,0,3,6,4,0.38,2
26,6.0,0,1,8,4,0.43,2
43,4.2,0,2,9,1,0.212,2
35,3.75,0,1,12,4,0.21,0
69,5.5,0,3,14,4,0.22,3
58,5.25,0,1,7,4,0.04,0
61,5.0,0,3,14,4,0.48,0
9,4.5,0,1,7,4,0.31,3
26,3.0,0,1,8,4,0.21,2
65,5.0,1,3,17,1,0.32,2
48,3.0,0,1,2,4,0.42,1
72,4.5,0,2,5,1,0.36,3
56,3.0,1,1,3,4,0.15,0
53,4.5,2,1,1,4,0.3633333333333333,0
46,5.0,3,1,4,2,-0.23,0
59,4.75,2,3,13,0,0.125,0
63,7.0,3,2,11,2,0.05,3
54,4.25,1,1,4,4,-0.175,2
58,3.6666666666666665,3,2,10,1,-0.63,2
50,4.8,0,1,12,4,0.33,0
50,3.5,3,3,17,2,-0.86,3
35,4.2,0,1,12,4,0.43,3
58,2.8,0,1,7,4,0.38,0
51,2.8,2,2,9,0,0.1879999999999999,1
3,3.5,1,1,3,4,0.335,1
48,6.0,0,1,2,4,0.1,0
34,5.0,2,1,16,4,0.235,0
50,5.5,1,3,17,1,0.01,3
17,2.5,0,2,10,4,0.13,3
70,4.5,1,1,16,4,-0.0325,4
59,2.333333333333333,0,3,13,0,0.48,2
41,3.5,2,1,4,2,-0.085,0
36,4.0,4,3,17,1,-1.23,3
65,4.0,3,3,17,2,-0.26,3
13,5.0,0,1,2,4,0.37,2
33,3.0,2,1,8,4,0.128,2
35,4.666666666666667,0,1,15,4,0.4699999999999999,0
63,4.0,2,2,11,0,-0.064,2
61,3.6666666666666665,1,3,14,4,-0.3866666666666666,0
71,3.0,4,3,17,2,-0.48,3
54,4.0,0,1,4,4,0.33,2
63,3.5,1,2,11,4,0.24,3
52,3.75,0,1,15,4,0.35,0
71,4.0,3,3,17,1,-0.4466666666666667,0
36,7.0,1,3,17,2,0.23,0
23,3.5,0,3,13,2,0.18,2
12,5.5,0,2,9,1,0.03,3
13,4.0,0,1,2,4,0.34,0
22,3.0,0,1,1,4,0.11,3
50,3.0,3,3,17,3,0.08,0
15,5.0,1,2,11,0,0.28,2
22,3.0,2,1,1,4,0.3,3
15,4.666666666666667,1,2,11,0,0.09,2
71,3.0,3,3,17,2,-0.6499999999999999,3
1,3.5,0,1,1,4,0.02,2
12,3.5,0,2,9,0,0.39,0
48,5.0,0,1,2,4,0.12,3
64,3.0,4,3,17,2,-1.3,0
27,5.333333333333333,0,2,10,4,0.44,0
14,3.0,0,1,7,4,0.25,1
64,4.0,1,3,17,3,0.09,0
6,5.0,1,2,5,0,-0.255,2
49,3.75,2,3,13,0,0.3,0
46,3.0,0,1,4,1,0.14,2
19,4.625,2,1,3,4,-0.22375,2
54,3.5,0,1,4,2,0.14,2
53,4.0,1,1,1,4,-0.3699999999999999,1
19,3.333333333333333,0,1,12,4,0.38,1
22,2.5,3,1,1,4,-0.45,0
33,3.6666666666666665,2,1,8,4,0.12,2
68,4.25,1,1,16,4,-0.3824999999999999,3
64,4.5,3,3,17,1,-0.15,2
72,3.0,0,2,5,1,0.29,0
50,3.5,3,3,17,2,-0.0049999999999999,3
18,2.0,0,1,1,4,0.31,3
52,2.6666666666666665,2,3,14,4,0.3766666666666666,1
52,5.0,0,1,15,4,0.03,0
14,4.5,2,2,10,4,0.37,1
50,4.5,3,3,6,0,-0.23,2
45,3.0,1,2,5,4,-0.2799999999999999,2
27,3.0,3,2,10,4,0.0,1
11,4.0,0,2,5,4,0.17,3
8,4.6,1,3,6,0,-0.302,0
53,4.6,2,1,1,4,0.252,3
11,7.0,3,2,5,1,-0.6,3
25,4.5,1,1,8,4,0.2,0
13,5.0,0,1,2,4,0.32,1
33,2.0,0,1,8,4,0.09,3
60,5.75,0,1,2,4,0.2,2
18,4.0,1,1,1,4,0.1,0
35,4.8,0,1,15,4,0.05,3
50,4.0,0,1,12,4,0.5,0
47,3.0,0,1,16,4,0.46,0
52,3.6666666666666665,0,3,14,0,0.46,2
63,6.0,0,2,11,2,0.22,1
35,2.0,0,1,12,4,0.2,0
58,5.5,1,2,10,1,-0.0799999999999999,0
72,4.0,0,2,5,0,0.35,0
6,5.0,1,2,5,1,-0.175,0
40,4.666666666666667,0,2,11,0,0.01,3
50,6.0,1,3,17,3,0.2,0
65,4.0,3,3,17,3,-0.105,3
54,3.333333333333333,2,1,4,1,-0.0499999999999999,0
64,4.0,4,3,17,2,-1.15,3
6,4.5,0,2,5,1,0.09,3
56,4.0,2,1,3,4,-0.1866666666666666,0
64,4.5,3,3,17,1,-0.02,0
23,3.0,0,3,13,0,0.42,2
45,7.0,0,2,5,0,0.44,2
58,4.5,0,1,7,4,0.44,0
50,6.0,0,1,12,4,0.1,0
11,6.0,0,2,5,1,0.33,3
63,4.0,0,2,11,4,0.22,2
61,3.5,0,3,14,4,0.5,0
60,4.0,0,1,2,4,0.07,0
71,4.0,1,3,17,1,0.17,2
15,6.0,3,2,11,2,0.02,3
65,3.5,1,3,17,2,0.07,2
44,5.0,0,2,5,0,0.14,2
44,5.0,3,2,5,1,-0.27,0
32,3.5,1,3,13,0,0.2,2
35,4.5,0,1,15,0,0.39,0
14,5.333333333333333,0,1,7,4,0.44,1
4,2.0,1,1,1,4,-0.08,0
50,5.0,4,3,17,2,-0.33,2
19,5.0,0,1,12,4,0.42,0
67,4.333333333333333,0,1,7,4,0.33,0
45,3.0,0,2,5,1,0.0,2
72,6.0,0,2,5,0,0.25,2
36,2.0,3,3,17,3,-0.23,4
72,4.0,3,2,5,4,-0.65,3
65,5.0,1,3,17,2,0.25,0
33,6.5,0,3,14,4,0.01,2
33,3.75,1,3,14,4,0.12,0
46,5.0,3,1,4,1,-0.03,0
21,2.0,0,2,9,0,0.33,2
19,5.0,0,1,12,4,0.33,4
12,4.0,0,2,9,0,0.05,2
30,4.0,0,1,15,4,0.06,1
62,2.333333333333333,2,2,9,1,-0.0033333333333333,3
72,5.0,1,2,5,4,-0.2833333333333333,0
38,5.0,4,1,16,4,-1.75,3
37,3.6666666666666665,1,1,4,1,-0.43,0
50,3.0,1,3,17,1,-0.15,3
14,5.0,0,1,7,4,0.13,2
71,5.0,1,3,17,2,-0.09,4
40,0.0,0,2,11,0,0.38,3
4,5.0,0,1,1,4,0.1,2
71,6.0,1,3,17,3,0.01,3
43,6.0,3,2,9,0,-0.52,3
44,5.0,0,2,5,0,0.34,3
36,2.0,4,3,17,1,-0.6,1
50,6.0,0,1,12,4,0.11,0
41,6.0,0,1,4,4,0.03,2
36,2.0,3,3,17,2,-0.515,0
15,6.0,0,2,11,4,0.29,1
70,7.0,0,1,16,4,0.49,2
36,4.0,3,3,17,2,-0.88,0
41,5.0,0,1,4,1,0.07,3
17,3.0,3,2,10,4,-0.4,2
38,7.0,1,1,16,4,0.35,0
62,2.0,3,2,9,1,-0.28,2
26,6.0,1,1,8,4,-0.2,2
64,5.0,1,3,17,1,-0.13,0
11,5.0,1,2,5,0,-0.2799999999999999,2
26,4.0,0,1,8,4,0.08,0
38,2.0,4,1,16,4,-2.16,3
71,0.0,4,3,17,1,-1.1,0
12,2.5,0,2,9,0,0.34,3
44,4.0,0,2,5,0,0.03,2
71,5.0,1,3,17,1,0.33,0
64,4.0,1,3,17,2,0.31,0
36,6.0,1,3,17,2,0.13,2
65,5.0,4,3,17,3,-0.35,2
14,5.0,0,1,7,4,0.11,4
64,4.0,1,3,17,2,-0.15,2
4,4.0,0,1,1,4,0.0,3
45,6.0,3,2,5,4,0.12,1
